"","X","fragment.ID","site","rate.type","E","Eh","lnc","Th","Topt","site.block","recovery.block","site.letter","Pmax","mean.L","var.L","qnorm.L","mean.T","var.T","qnorm.T","NH4","N.N","P","N.ST","per.N.AT","trap.accumulation.rate","N","per.N.ST","chlA.ugcm2","zoox.per.cm2","AFDW.mg.cm2.","N.resid","trap.resid"
"1",1,"PA1","A","C",0.0546515647911296,76.6411166509111,0.141070009103809,310.231544570783,36.299248631164,1,1,"F",0.210894556324367,2099.87911062083,1473335.51683944,3928.11768633097,27.6364718066743,1.19073699891683,29.19,0.825,0.51,0.34,5.25222222222222,24.5922222222222,2.287115477,0.784025572,17.1855555555556,6.275439896,1.060395895,6.6617,-0.0476969231203591,-0.420470144815736
"2",2,"PA1","A","R",0.133136669765757,36.3506728253786,0.49916710733856,312.397465836388,37.9554820348579,1,1,"F",0.693906579984471,2099.87911062083,1473335.51683944,3928.11768633097,27.6364718066743,1.19073699891683,29.19,0.825,0.51,0.34,5.25222222222222,24.5922222222222,2.287115477,0.784025572,17.1855555555556,6.275439896,1.060395895,6.6617,-0.0476969231202852,-0.420470144815015
"3",3,"PA1","A","GP",0.245253272569053,6.12371828341752,0.90469336749521,309.168817638013,31.8027780440904,1,1,"F",1.04479595070395,2099.87911062083,1473335.51683944,3928.11768633097,27.6364718066743,1.19073699891683,29.19,0.825,0.51,0.34,5.25222222222222,24.5922222222222,2.287115477,0.784025572,17.1855555555556,6.275439896,1.060395895,6.6617,-0.047696923120286,-0.420470144815025
"4",4,"PA10","B","C",0.13611508009132,2.25760024987435,0.155205226480583,314.429545426766,31.2431526863121,1,1,"E",0.183940919134629,1901.75752514872,1176652.10664164,3414.74721944229,27.8832065592635,0.292215818563745,28.692,1.49,0.76,0.355,4.15555555555556,19.4388888888889,3.438532719,0.893594701666667,14.38,6.053941255,0.605336676,7.5065,0.0399408546286786,0.510504315087958
"5",5,"PA10","B","R",0.125434296478475,35.9226789952234,0.339366389481916,312.541342705721,38.0716898289717,1,1,"E",0.524545178187097,1901.75752514872,1176652.10664164,3414.74721944229,27.8832065592635,0.292215818563745,28.692,1.49,0.76,0.355,4.15555555555556,19.4388888888889,3.438532719,0.893594701666667,14.38,6.053941255,0.605336676,7.5065,0.0399408546286786,0.510504315087958
"6",6,"PA10","B","GP",0.114040094839426,7.86408700749356,0.653328746188782,309.832724486782,32.3061456020329,1,1,"E",0.730022382890543,1901.75752514872,1176652.10664164,3414.74721944229,27.8832065592635,0.292215818563745,28.692,1.49,0.76,0.355,4.15555555555556,19.4388888888889,3.438532719,0.893594701666667,14.38,6.053941255,0.605336676,7.5065,0.0399408546286786,0.510504315087958
"7",7,"PA11","B","C",0.220623957633313,1.66691261823039,0.280590303241796,311.576144867534,29.2642116727156,1,1,"E",0.230966917765331,1901.75752514872,1176652.10664164,3414.74721944229,27.8832065592635,0.292215818563745,28.692,1.49,0.76,0.355,4.15555555555556,19.4388888888889,3.438532719,0.893594701666667,14.38,4.488429447,0.684645433,6.979,0.0399408546286786,0.510504315087958
"8",8,"PA11","B","R",0.135514539740727,33.965019580573,0.309166671958578,312.582496097402,38.0696497289695,1,1,"E",0.508975011676822,1901.75752514872,1176652.10664164,3414.74721944229,27.8832065592635,0.292215818563745,28.692,1.49,0.76,0.355,4.15555555555556,19.4388888888889,3.438532719,0.893594701666667,14.38,4.488429447,0.684645433,6.979,0.0399408546286786,0.510504315087958
"9",9,"PA11","B","GP",0.121104866750147,8.06713202249436,0.660286713444118,309.809367561462,32.4271173890181,1,1,"E",0.743938869853401,1901.75752514872,1176652.10664164,3414.74721944229,27.8832065592635,0.292215818563745,28.692,1.49,0.76,0.355,4.15555555555556,19.4388888888889,3.438532719,0.893594701666667,14.38,4.488429447,0.684645433,6.979,0.0399408546286786,0.510504315087958
"10",10,"PA12","B","C",0.185790575309978,1.97782898505614,0.260041338939874,312.233478429883,29.7415036848986,1,2,"E",0.250394596191658,1901.75752514872,1176652.10664164,3414.74721944229,27.8832065592635,0.292215818563745,28.692,1.49,0.76,0.355,4.15555555555556,19.4388888888889,3.438532719,0.893594701666667,14.38,4.325786487,0.697095388,5.3483,0.0399408546286786,0.510504315087958
"11",11,"PA12","B","R",0.119603434592329,7.4102544019211,0.403970567199309,312.410605094831,34.6628474038777,1,2,"E",0.518231929023446,1901.75752514872,1176652.10664164,3414.74721944229,27.8832065592635,0.292215818563745,28.692,1.49,0.76,0.355,4.15555555555556,19.4388888888889,3.438532719,0.893594701666667,14.38,4.325786487,0.697095388,5.3483,0.0399408546286786,0.510504315087958
"12",12,"PA12","B","GP",0.301563545067347,2.59598264397794,0.825080685919968,309.979587606737,30.487525679453,1,2,"E",0.874431213948165,1901.75752514872,1176652.10664164,3414.74721944229,27.8832065592635,0.292215818563745,28.692,1.49,0.76,0.355,4.15555555555556,19.4388888888889,3.438532719,0.893594701666667,14.38,4.325786487,0.697095388,5.3483,0.0399408546286786,0.510504315087958
"13",13,"PA13","B","C",0.263998888086037,1.15835849020509,0.41049535499886,310.449485981768,28.7882768188679,1,2,"E",0.246385830576382,1901.75752514872,1176652.10664164,3414.74721944229,27.8832065592635,0.292215818563745,28.692,1.49,0.76,0.355,4.15555555555556,19.4388888888889,3.438532719,0.893594701666667,14.38,4.987303075,0.47090848,5.1301,0.0399408546286786,0.510504315087958
"14",14,"PA13","B","R",0.122160667981773,6.66286439869887,0.39214611169519,312.276337704294,34.184032009923,1,2,"E",0.499792711250737,1901.75752514872,1176652.10664164,3414.74721944229,27.8832065592635,0.292215818563745,28.692,1.49,0.76,0.355,4.15555555555556,19.4388888888889,3.438532719,0.893594701666667,14.38,4.987303075,0.47090848,5.1301,0.0399408546286786,0.510504315087958
"15",15,"PA13","B","GP",0.32410486685049,2.21835123391403,0.930877538760164,309.098198687281,29.5297975772971,1,2,"E",0.919507933293358,1901.75752514872,1176652.10664164,3414.74721944229,27.8832065592635,0.292215818563745,28.692,1.49,0.76,0.355,4.15555555555556,19.4388888888889,3.438532719,0.893594701666667,14.38,4.987303075,0.47090848,5.1301,0.0399408546286786,0.510504315087958
"16",16,"PA14","B","C",0.365703652054949,1.06296692540694,0.641339983881552,305.302357357184,27.3511307954251,1,2,"E",0.283449068652961,1901.75752514872,1176652.10664164,3414.74721944229,27.8832065592635,0.292215818563745,28.692,1.49,0.76,0.355,4.15555555555556,19.4388888888889,3.438532719,0.893594701666667,14.38,5.446920667,0.951011748,6.0404,0.0399408546286786,0.510504315087958
"17",17,"PA14","B","R",0.0708817288324137,11.6663156168654,0.418490014198612,311.326718363957,34.56853674427,1,2,"E",0.488936176006014,1901.75752514872,1176652.10664164,3414.74721944229,27.8832065592635,0.292215818563745,28.692,1.49,0.76,0.355,4.15555555555556,19.4388888888889,3.438532719,0.893594701666667,14.38,5.446920667,0.951011748,6.0404,0.0399408546286786,0.510504315087958
"18",18,"PA14","B","GP",0.21321821842946,3.31881814673265,0.881514592778212,309.741273096076,30.0572921869009,1,2,"E",0.925755951263736,1901.75752514872,1176652.10664164,3414.74721944229,27.8832065592635,0.292215818563745,28.692,1.49,0.76,0.355,4.15555555555556,19.4388888888889,3.438532719,0.893594701666667,14.38,5.446920667,0.951011748,6.0404,0.0399408546286786,0.510504315087958
"19",19,"PA16","B","C",0.0687577803965265,6.14146717730296,0.190107577713801,311.195871774676,32.0719871152112,1,2,"E",0.231893303735708,1901.75752514872,1176652.10664164,3414.74721944229,27.8832065592635,0.292215818563745,28.692,1.49,0.76,0.355,4.15555555555556,19.4388888888889,3.438532719,0.893594701666667,14.38,7.54398024,1.196002196,7.3631,0.0399408546286786,0.510504315087958
"20",20,"PA16","B","R",0.113237870558265,4.09860893551191,0.372072137341415,313.608999710592,33.262441066291,1,2,"E",0.448135974346567,1901.75752514872,1176652.10664164,3414.74721944229,27.8832065592635,0.292215818563745,28.692,1.49,0.76,0.355,4.15555555555556,19.4388888888889,3.438532719,0.893594701666667,14.38,7.54398024,1.196002196,7.3631,0.0399408546286786,0.510504315087958
"21",21,"PA16","B","GP",0.354029468195345,2.1438205742906,0.933743199519007,307.875876400573,28.6712632141721,1,2,"E",0.874761991734357,1901.75752514872,1176652.10664164,3414.74721944229,27.8832065592635,0.292215818563745,28.692,1.49,0.76,0.355,4.15555555555556,19.4388888888889,3.438532719,0.893594701666667,14.38,7.54398024,1.196002196,7.3631,0.0399408546286786,0.510504315087958
"22",22,"PA17","B","C",0.22564321212271,1.68666637242694,0.282942779170449,311.101616532583,28.9786803947835,1,1,"E",0.22559537760935,1901.75752514872,1176652.10664164,3414.74721944229,27.8832065592635,0.292215818563745,28.692,1.49,0.76,0.355,4.15555555555556,19.4388888888889,3.438532719,0.893594701666667,14.38,8.116268376,0.813182993,7.5336,0.0399408546286786,0.510504315087958
"23",23,"PA17","B","R",0.109048094044635,34.3626072027817,0.347381875996743,312.73770240092,38.1833486676094,1,1,"E",0.509689978918248,1901.75752514872,1176652.10664164,3414.74721944229,27.8832065592635,0.292215818563745,28.692,1.49,0.76,0.355,4.15555555555556,19.4388888888889,3.438532719,0.893594701666667,14.38,8.116268376,0.813182993,7.5336,0.0399408546286786,0.510504315087958
"24",24,"PA17","B","GP",0.155561269321773,7.92081174280378,0.702768663207988,309.880256214451,32.6970162548702,1,1,"E",0.815027445038609,1901.75752514872,1176652.10664164,3414.74721944229,27.8832065592635,0.292215818563745,28.692,1.49,0.76,0.355,4.15555555555556,19.4388888888889,3.438532719,0.893594701666667,14.38,8.116268376,0.813182993,7.5336,0.0399408546286786,0.510504315087958
"25",25,"PA18","B","C",0.172722814279359,2.46610953529695,0.200285023310865,311.845507911272,30.1459091710412,1,1,"E",0.219233029242847,1901.75752514872,1176652.10664164,3414.74721944229,27.8832065592635,0.292215818563745,28.692,1.49,0.76,0.355,4.15555555555556,19.4388888888889,3.438532719,0.893594701666667,14.38,6.940086629,0.725997527,7.6007,0.0399408546286786,0.510504315087958
"26",26,"PA18","B","R",0.100494794316247,5.97597979196383,0.259358756447038,314.548506671813,35.6974225089314,1,1,"E",0.364764979932257,1901.75752514872,1176652.10664164,3414.74721944229,27.8832065592635,0.292215818563745,28.692,1.49,0.76,0.355,4.15555555555556,19.4388888888889,3.438532719,0.893594701666667,14.38,6.940086629,0.725997527,7.6007,0.0399408546286786,0.510504315087958
"27",27,"PA18","B","GP",0.0794189616892343,7.03784858164164,0.585769664010156,309.773060185757,31.4536350610099,1,1,"E",0.629562503397044,1901.75752514872,1176652.10664164,3414.74721944229,27.8832065592635,0.292215818563745,28.692,1.49,0.76,0.355,4.15555555555556,19.4388888888889,3.438532719,0.893594701666667,14.38,6.940086629,0.725997527,7.6007,0.0399408546286786,0.510504315087958
"28",28,"PA19","B","C",0.272501174045369,1.55097305869586,0.457104622707497,309.719832637116,28.5422772703367,2,2,"D",0.35293699839608,2610.66509808298,1409192.34088792,4131.70513346622,27.0607100529101,0.43559833092059,27.998,0.515,0.515,0.325,5.91555555555556,24.3488888888889,2.14957416833333,0.858444992333333,17.4177777777778,4.754585512,0.809657782,7.0815,0.0778998587725672,-0.0436026744469961
"29",29,"PA19","B","R",0.17461299245794,1.89382993671208,0.453146962797197,315.502284277085,32.3196958544801,2,2,"D",0.496505069325972,2610.66509808298,1409192.34088792,4131.70513346622,27.0607100529101,0.43559833092059,27.998,0.515,0.515,0.325,5.91555555555556,24.3488888888889,2.14957416833333,0.858444992333333,17.4177777777778,4.754585512,0.809657782,7.0815,0.0778998587725672,-0.0436026744469961
"30",30,"PA19","B","GP",0.297966029925447,3.11628249716872,1.07094917981748,308.527668946786,29.572747329352,2,2,"D",1.10682089589415,2610.66509808298,1409192.34088792,4131.70513346622,27.0607100529101,0.43559833092059,27.998,0.515,0.515,0.325,5.91555555555556,24.3488888888889,2.14957416833333,0.858444992333333,17.4177777777778,4.754585512,0.809657782,7.0815,0.0778998587725672,-0.0436026744469961
"31",31,"PA2","A","C",0.00168026823762588,57.1066867923009,0.182895725162512,307.994305159582,33.3575404930535,1,2,"F",0.184430435001152,2099.87911062083,1473335.51683944,3928.11768633097,27.6364718066743,1.19073699891683,29.19,0.825,0.51,0.34,5.25222222222222,24.5922222222222,2.287115477,0.784025572,17.1855555555556,6.027928644,0.67230701,6.6227,-0.047696923120286,-0.420470144815025
"32",32,"PA2","A","R",0.160077608512499,5.51846939697535,0.520570855781149,312.069482108123,33.6687124850999,1,2,"F",0.646292477078136,2099.87911062083,1473335.51683944,3928.11768633097,27.6364718066743,1.19073699891683,29.19,0.825,0.51,0.34,5.25222222222222,24.5922222222222,2.287115477,0.784025572,17.1855555555556,6.027928644,0.67230701,6.6227,-0.047696923120286,-0.420470144815025
"33",33,"PA2","A","GP",0.367733190872893,2.81548328492851,1.07596550604078,308.863561273752,30.2746624295181,1,2,"F",1.13690435134015,2099.87911062083,1473335.51683944,3928.11768633097,27.6364718066743,1.19073699891683,29.19,0.825,0.51,0.34,5.25222222222222,24.5922222222222,2.287115477,0.784025572,17.1855555555556,6.027928644,0.67230701,6.6227,-0.047696923120286,-0.420470144815025
"34",34,"PA20","B","C",0.145361269424937,1.95804987509376,0.193934713972293,312.871120614339,29.2123195383081,2,2,"D",0.176685367898556,2610.66509808298,1409192.34088792,4131.70513346622,27.0607100529101,0.43559833092059,27.998,0.515,0.515,0.325,5.91555555555556,24.3488888888889,2.14957416833333,0.858444992333333,17.4177777777778,7.628557374,0.615773605,7.9381,0.0778998587725672,-0.0436026744469961
"35",35,"PA20","B","R",0.17242744651365,1.92584225112423,0.458998524595073,316.181664726042,32.9832199225248,2,2,"D",0.517730362881155,2610.66509808298,1409192.34088792,4131.70513346622,27.0607100529101,0.43559833092059,27.998,0.515,0.515,0.325,5.91555555555556,24.3488888888889,2.14957416833333,0.858444992333333,17.4177777777778,7.628557374,0.615773605,7.9381,0.0778998587725672,-0.0436026744469961
"36",36,"PA20","B","GP",0.198726715328915,3.71773006765374,0.827096926769553,310.120168704496,30.6911304620131,2,2,"D",0.891146100288615,2610.66509808298,1409192.34088792,4131.70513346622,27.0607100529101,0.43559833092059,27.998,0.515,0.515,0.325,5.91555555555556,24.3488888888889,2.14957416833333,0.858444992333333,17.4177777777778,7.628557374,0.615773605,7.9381,0.0778998587725672,-0.0436026744469961
"37",37,"PA21","B","C",0.213445805956746,1.69603337433867,0.330347134794853,310.752491020499,28.3725857881367,2,1,"D",0.260975689710508,2610.66509808298,1409192.34088792,4131.70513346622,27.0607100529101,0.43559833092059,27.998,0.515,0.515,0.325,5.91555555555556,24.3488888888889,2.14957416833333,0.858444992333333,17.4177777777778,4.915289903,1.424939148,9.1132,0.0778998587725672,-0.0436026744469961
"38",38,"PA21","B","R",0.150119134977388,1.55221887229846,0.429554560775328,316.377796745795,31.2773306463994,2,1,"D",0.428758469201679,2610.66509808298,1409192.34088792,4131.70513346622,27.0607100529101,0.43559833092059,27.998,0.515,0.515,0.325,5.91555555555556,24.3488888888889,2.14957416833333,0.858444992333333,17.4177777777778,4.915289903,1.424939148,9.1132,0.0778998587725672,-0.0436026744469961
"39",39,"PA21","B","GP",0.103661895779449,5.55066060274959,0.761155653486845,309.876036102076,30.9288559512567,2,1,"D",0.807463721602162,2610.66509808298,1409192.34088792,4131.70513346622,27.0607100529101,0.43559833092059,27.998,0.515,0.515,0.325,5.91555555555556,24.3488888888889,2.14957416833333,0.858444992333333,17.4177777777778,4.915289903,1.424939148,9.1132,0.0778998587725672,-0.0436026744469961
"40",40,"PA22","B","C",0.16876834118052,1.30016353868697,0.256576000942105,313.603598202757,28.5195573663982,2,1,"D",0.172199750752763,2610.66509808298,1409192.34088792,4131.70513346622,27.0607100529101,0.43559833092059,27.998,0.515,0.515,0.325,5.91555555555556,24.3488888888889,2.14957416833333,0.858444992333333,17.4177777777778,5.748702146,1.523257748,8.8274,0.0778998587725672,-0.0436026744469961
"41",41,"PA22","B","R",0.162206584840445,3.21978045718413,0.384132088551431,314.989484815378,34.2278051554804,2,1,"D",0.500818023583135,2610.66509808298,1409192.34088792,4131.70513346622,27.0607100529101,0.43559833092059,27.998,0.515,0.515,0.325,5.91555555555556,24.3488888888889,2.14957416833333,0.858444992333333,17.4177777777778,5.748702146,1.523257748,8.8274,0.0778998587725672,-0.0436026744469961
"42",42,"PA22","B","GP",0.248634975105426,2.73667629375797,0.736049321577955,310.284277854747,30.3033532251043,2,1,"D",0.777536362168194,2610.66509808298,1409192.34088792,4131.70513346622,27.0607100529101,0.43559833092059,27.998,0.515,0.515,0.325,5.91555555555556,24.3488888888889,2.14957416833333,0.858444992333333,17.4177777777778,5.748702146,1.523257748,8.8274,0.0778998587725672,-0.0436026744469961
"43",43,"PA23","B","C",0.348508516044126,1.18769012581934,0.509592356705065,307.439162962306,28.3767915534925,2,2,"D",0.268786417599508,2610.66509808298,1409192.34088792,4131.70513346622,27.0607100529101,0.43559833092059,27.998,0.515,0.515,0.325,5.91555555555556,24.3488888888889,2.14957416833333,0.858444992333333,17.4177777777778,8.590142897,1.078964194,9.9888,0.0778998587725672,-0.0436026744469961
"44",44,"PA23","B","R",0.167880634422349,1.94300725580271,0.42773906760051,316.39804734289,33.1096555000223,2,2,"D",0.488508239305808,2610.66509808298,1409192.34088792,4131.70513346622,27.0607100529101,0.43559833092059,27.998,0.515,0.515,0.325,5.91555555555556,24.3488888888889,2.14957416833333,0.858444992333333,17.4177777777778,8.590142897,1.078964194,9.9888,0.0778998587725672,-0.0436026744469961
"45",45,"PA23","B","GP",0.270929468324728,3.67786549867714,0.896276860817429,309.560146511262,30.8265942070423,2,2,"D",0.986582467537016,2610.66509808298,1409192.34088792,4131.70513346622,27.0607100529101,0.43559833092059,27.998,0.515,0.515,0.325,5.91555555555556,24.3488888888889,2.14957416833333,0.858444992333333,17.4177777777778,8.590142897,1.078964194,9.9888,0.0778998587725672,-0.0436026744469961
"46",46,"PA25","B","C",0.0688540354599999,79.1177454837161,0.180826849033323,310.271310287955,36.3840586113691,2,2,"D",0.269532227932113,2610.66509808298,1409192.34088792,4131.70513346622,27.0607100529101,0.43559833092059,27.998,0.515,0.515,0.325,5.91555555555556,24.3488888888889,2.14957416833333,0.858444992333333,17.4177777777778,7.449834471,0.957184857,7.9793,0.0778998587725672,-0.0436026744469961
"47",47,"PA25","B","R",0.170649708306266,1.9944883975905,0.478174199139913,315.58071656179,32.5527767444806,2,2,"D",0.530582009177486,2610.66509808298,1409192.34088792,4131.70513346622,27.0607100529101,0.43559833092059,27.998,0.515,0.515,0.325,5.91555555555556,24.3488888888889,2.14957416833333,0.858444992333333,17.4177777777778,7.449834471,0.957184857,7.9793,0.0778998587725672,-0.0436026744469961
"48",48,"PA25","B","GP",0.195297938284189,4.48074728092088,0.82168267483159,310.035345100034,31.2775368893163,2,2,"D",0.9084134129956,2610.66509808298,1409192.34088792,4131.70513346622,27.0607100529101,0.43559833092059,27.998,0.515,0.515,0.325,5.91555555555556,24.3488888888889,2.14957416833333,0.858444992333333,17.4177777777778,7.449834471,0.957184857,7.9793,0.0778998587725672,-0.0436026744469961
"49",49,"PA26","B","C",0.179524511816317,2.14192727478355,0.172627320558041,312.701080952775,30.4147014747545,2,1,"D",0.186336848069033,2610.66509808298,1409192.34088792,4131.70513346622,27.0607100529101,0.43559833092059,27.998,0.515,0.515,0.325,5.91555555555556,24.3488888888889,2.14957416833333,0.858444992333333,17.4177777777778,1.974165956,0.998787663,8.5392,0.0778998587725672,-0.0436026744469961
"50",50,"PA26","B","R",0.131890519979457,1.89594440551098,0.382823548238279,317.480160039575,32.8744124716293,2,1,"D",0.425614831558645,2610.66509808298,1409192.34088792,4131.70513346622,27.0607100529101,0.43559833092059,27.998,0.515,0.515,0.325,5.91555555555556,24.3488888888889,2.14957416833333,0.858444992333333,17.4177777777778,1.974165956,0.998787663,8.5392,0.0778998587725672,-0.0436026744469961
"51",51,"PA26","B","GP",0.183422443810494,4.59073480584305,0.639497653058515,310.249235783263,31.4576867100923,2,1,"D",0.726167951160513,2610.66509808298,1409192.34088792,4131.70513346622,27.0607100529101,0.43559833092059,27.998,0.515,0.515,0.325,5.91555555555556,24.3488888888889,2.14957416833333,0.858444992333333,17.4177777777778,1.974165956,0.998787663,8.5392,0.0778998587725672,-0.0436026744469961
"52",52,"PA27","B","C",0.15796187730422,4.41709533095896,0.226226236211629,311.35877411157,32.0983669472997,2,1,"D",0.312191271525064,2610.66509808298,1409192.34088792,4131.70513346622,27.0607100529101,0.43559833092059,27.998,0.515,0.515,0.325,5.91555555555556,24.3488888888889,2.14957416833333,0.858444992333333,17.4177777777778,3.254240854,1.382389979,16.749,0.0778998587725672,-0.0436026744469961
"53",53,"PA27","B","R",0.155734017353821,2.2433630351168,0.376739600429901,316.952522557917,34.0901905448604,2,1,"D",0.463818414265078,2610.66509808298,1409192.34088792,4131.70513346622,27.0607100529101,0.43559833092059,27.998,0.515,0.515,0.325,5.91555555555556,24.3488888888889,2.14957416833333,0.858444992333333,17.4177777777778,3.254240854,1.382389979,16.749,0.0778998587725672,-0.0436026744469961
"54",54,"PA27","B","GP",0.348152581098975,2.58288052281438,0.843717481419944,309.168342104721,30.1989910269384,2,1,"D",0.885817274406002,2610.66509808298,1409192.34088792,4131.70513346622,27.0607100529101,0.43559833092059,27.998,0.515,0.515,0.325,5.91555555555556,24.3488888888889,2.14957416833333,0.858444992333333,17.4177777777778,3.254240854,1.382389979,16.749,0.0778998587725672,-0.0436026744469961
"55",55,"PA29","A","C",0.331592752267947,1.91833580453692,0.508471748826223,308.374413199008,28.676837045335,2,2,"C",0.432741331808034,1504.53110608304,664952.363224719,2625.19482397997,26.6331666666667,1.8908382840127,28.692,0.36,0.26,0.335,4.06222222222222,20.6533333333333,2.373570014,0.790673923333333,17.4322222222222,14.61194027,2.160509179,13.2008,0.0481315614348215,0.562377681069384
"56",56,"PA29","A","R",0.242761762728549,1.98729342453935,0.461237307220086,314.405196644289,33.0206281949798,2,2,"C",0.546821884341081,1504.53110608304,664952.363224719,2625.19482397997,26.6331666666667,1.8908382840127,28.692,0.36,0.26,0.335,4.06222222222222,20.6533333333333,2.373570014,0.790673923333333,17.4322222222222,14.61194027,2.160509179,13.2008,0.0481315614348215,0.562377681069384
"57",57,"PA29","A","GP",0.391124776110096,2.54940293397116,1.19144595231817,308.116568971831,29.5796958359819,2,2,"C",1.20425114282846,1504.53110608304,664952.363224719,2625.19482397997,26.6331666666667,1.8908382840127,28.692,0.36,0.26,0.335,4.06222222222222,20.6533333333333,2.373570014,0.790673923333333,17.4322222222222,14.61194027,2.160509179,13.2008,0.0481315614348215,0.562377681069384
"58",58,"PA3","A","C",0.215098218268064,1.72527186357924,0.314439906660464,310.87784910327,28.5937843193967,1,2,"F",0.252982699776722,2099.87911062083,1473335.51683944,3928.11768633097,27.6364718066743,1.19073699891683,29.19,0.825,0.51,0.34,5.25222222222222,24.5922222222222,2.287115477,0.784025572,17.1855555555556,6.216751635,0.938092454,10.0956,-0.047696923120286,-0.420470144815025
"59",59,"PA3","A","R",0.142813257510845,87.1685608908665,0.609075459154476,310.366307489101,36.606679784015,1,2,"F",0.79707623100528,2099.87911062083,1473335.51683944,3928.11768633097,27.6364718066743,1.19073699891683,29.19,0.825,0.51,0.34,5.25222222222222,24.5922222222222,2.287115477,0.784025572,17.1855555555556,6.216751635,0.938092454,10.0956,-0.047696923120286,-0.420470144815025
"60",60,"PA3","A","GP",0.388450736207571,3.66735262037902,1.09826142329596,308.763816134694,30.9067921496589,1,2,"F",1.22939864879242,2099.87911062083,1473335.51683944,3928.11768633097,27.6364718066743,1.19073699891683,29.19,0.825,0.51,0.34,5.25222222222222,24.5922222222222,2.287115477,0.784025572,17.1855555555556,6.216751635,0.938092454,10.0956,-0.047696923120286,-0.420470144815025
"61",61,"PA30","A","C",0.12262255989136,10.2483714451406,0.194870569147395,310.653983164892,33.9621210925244,2,1,"C",0.306117109359398,1504.53110608304,664952.363224719,2625.19482397997,26.6331666666667,1.8908382840127,28.692,0.36,0.26,0.335,4.06222222222222,20.6533333333333,2.373570014,0.790673923333333,17.4322222222222,7.538197377,1.523824282,8.449,0.0481315614348215,0.562377681069384
"62",62,"PA30","A","R",0.159927417188959,2.2365085282339,0.386416089108487,316.734057318945,33.9719338062866,2,1,"C",0.473205785622916,1504.53110608304,664952.363224719,2625.19482397997,26.6331666666667,1.8908382840127,28.692,0.36,0.26,0.335,4.06222222222222,20.6533333333333,2.373570014,0.790673923333333,17.4322222222222,7.538197377,1.523824282,8.449,0.0481315614348215,0.562377681069384
"63",63,"PA30","A","GP",0.232223847800341,4.3005253288531,1.00706147255328,309.079961730311,30.5428637394907,2,1,"C",1.08626168243448,1504.53110608304,664952.363224719,2625.19482397997,26.6331666666667,1.8908382840127,28.692,0.36,0.26,0.335,4.06222222222222,20.6533333333333,2.373570014,0.790673923333333,17.4322222222222,7.538197377,1.523824282,8.449,0.0481315614348215,0.562377681069384
"64",64,"PA31","A","C",0.477152275707195,1.20300456813768,0.705456095063486,303.815666728123,27.9161567176387,2,2,"C",0.317993803770911,1504.53110608304,664952.363224719,2625.19482397997,26.6331666666667,1.8908382840127,28.692,0.36,0.26,0.335,4.06222222222222,20.6533333333333,2.373570014,0.790673923333333,17.4322222222222,11.64751539,2.144964714,12.7788,0.0481315614348215,0.562377681069384
"65",65,"PA31","A","R",0.202017112413637,1.71914101438141,0.46917725411292,315.927468011711,32.9993723920028,2,2,"C",0.523277954958374,1504.53110608304,664952.363224719,2625.19482397997,26.6331666666667,1.8908382840127,28.692,0.36,0.26,0.335,4.06222222222222,20.6533333333333,2.373570014,0.790673923333333,17.4322222222222,11.64751539,2.144964714,12.7788,0.0481315614348215,0.562377681069384
"66",66,"PA31","A","GP",0.358967821931595,2.55384805901915,1.09315998110036,308.654805875786,29.7903241119776,2,2,"C",1.1158582684071,1504.53110608304,664952.363224719,2625.19482397997,26.6331666666667,1.8908382840127,28.692,0.36,0.26,0.335,4.06222222222222,20.6533333333333,2.373570014,0.790673923333333,17.4322222222222,11.64751539,2.144964714,12.7788,0.0481315614348215,0.562377681069384
"67",67,"PA32","A","C",0.159096177904338,2.18863124027877,0.375079044049094,313.780170201713,31.0582597962298,2,2,"C",0.402196734310583,1504.53110608304,664952.363224719,2625.19482397997,26.6331666666667,1.8908382840127,28.692,0.36,0.26,0.335,4.06222222222222,20.6533333333333,2.373570014,0.790673923333333,17.4322222222222,12.23679467,1.965085505,14.8,0.0481315614348215,0.562377681069384
"68",68,"PA32","A","R",0.254999428058886,1.47838688889192,0.668186891261482,314.014949452199,32.1008951118109,2,2,"C",0.676501095322296,1504.53110608304,664952.363224719,2625.19482397997,26.6331666666667,1.8908382840127,28.692,0.36,0.26,0.335,4.06222222222222,20.6533333333333,2.373570014,0.790673923333333,17.4322222222222,12.23679467,1.965085505,14.8,0.0481315614348215,0.562377681069384
"69",69,"PA32","A","GP",0.233616323198653,2.54228287423989,1.13431922798985,309.416978004774,29.0053398457407,2,2,"C",1.12803631526296,1504.53110608304,664952.363224719,2625.19482397997,26.6331666666667,1.8908382840127,28.692,0.36,0.26,0.335,4.06222222222222,20.6533333333333,2.373570014,0.790673923333333,17.4322222222222,12.23679467,1.965085505,14.8,0.0481315614348215,0.562377681069384
"70",70,"PA33","A","C",0.254605994081712,1.22858550513095,0.324361887987721,311.02957648167,29.0321083468905,2,1,"C",0.191204769230294,1504.53110608304,664952.363224719,2625.19482397997,26.6331666666667,1.8908382840127,28.692,0.36,0.26,0.335,4.06222222222222,20.6533333333333,2.373570014,0.790673923333333,17.4322222222222,9.304416652,1.330541332,9.2276,0.0481315614348215,0.562377681069384
"71",71,"PA33","A","R",0.10189472932069,2.43321715972697,0.32175967876633,317.82463019586,33.8543718021947,2,1,"C",0.380074329077325,1504.53110608304,664952.363224719,2625.19482397997,26.6331666666667,1.8908382840127,28.692,0.36,0.26,0.335,4.06222222222222,20.6533333333333,2.373570014,0.790673923333333,17.4322222222222,9.304416652,1.330541332,9.2276,0.0481315614348215,0.562377681069384
"72",72,"PA33","A","GP",0.231770680795819,3.02744769592529,0.77062813473633,310.160992689741,30.3372156186579,2,1,"C",0.819432139105261,1504.53110608304,664952.363224719,2625.19482397997,26.6331666666667,1.8908382840127,28.692,0.36,0.26,0.335,4.06222222222222,20.6533333333333,2.373570014,0.790673923333333,17.4322222222222,9.304416652,1.330541332,9.2276,0.0481315614348215,0.562377681069384
"73",73,"PA34","A","C",0.493720012427707,1.5204277486508,0.58840961209761,305.585834374065,28.6082013525948,2,1,"C",0.361263207584034,1504.53110608304,664952.363224719,2625.19482397997,26.6331666666667,1.8908382840127,28.692,0.36,0.26,0.335,4.06222222222222,20.6533333333333,2.373570014,0.790673923333333,17.4322222222222,6.946787903,0.885957223,6.9811,0.0481315614348215,0.562377681069384
"74",74,"PA34","A","R",0.117530544468079,2.15870589336413,0.316305215123967,318.060798706658,33.7829776286451,2,1,"C",0.375895174378298,1504.53110608304,664952.363224719,2625.19482397997,26.6331666666667,1.8908382840127,28.692,0.36,0.26,0.335,4.06222222222222,20.6533333333333,2.373570014,0.790673923333333,17.4322222222222,6.946787903,0.885957223,6.9811,0.0481315614348215,0.562377681069384
"75",75,"PA34","A","GP",0.296231126113021,2.70651679984269,1.0316281022613,308.335330610441,28.9657769535205,2,1,"C",1.02848242146512,1504.53110608304,664952.363224719,2625.19482397997,26.6331666666667,1.8908382840127,28.692,0.36,0.26,0.335,4.06222222222222,20.6533333333333,2.373570014,0.790673923333333,17.4322222222222,6.946787903,0.885957223,6.9811,0.0481315614348215,0.562377681069384
"76",76,"PA35","A","C",0.507317992187261,1.04207622173483,0.842841976811123,301.994355392923,28.4474809831632,2,2,"C",0.335338802653739,1504.53110608304,664952.363224719,2625.19482397997,26.6331666666667,1.8908382840127,28.692,0.36,0.26,0.335,4.06222222222222,20.6533333333333,2.373570014,0.790673923333333,17.4322222222222,9.997103463,1.669405479,6.6211,0.0481315614348215,0.562377681069384
"77",77,"PA35","A","R",0.171760433678587,1.4156273244775,0.45502304942501,317.849226254302,32.9689437380706,2,2,"C",0.47731171490454,1504.53110608304,664952.363224719,2625.19482397997,26.6331666666667,1.8908382840127,28.692,0.36,0.26,0.335,4.06222222222222,20.6533333333333,2.373570014,0.790673923333333,17.4322222222222,9.997103463,1.669405479,6.6211,0.0481315614348215,0.562377681069384
"78",78,"PA35","A","GP",0.241582017563909,2.52119591878852,1.05603861262021,309.230778600612,28.912579705222,2,2,"C",1.04564491995604,1504.53110608304,664952.363224719,2625.19482397997,26.6331666666667,1.8908382840127,28.692,0.36,0.26,0.335,4.06222222222222,20.6533333333333,2.373570014,0.790673923333333,17.4322222222222,9.997103463,1.669405479,6.6211,0.0481315614348215,0.562377681069384
"79",79,"PA36","A","C",0.395228148420495,1.31427201536243,0.466024918809465,306.846632877376,28.5724237555706,2,1,"C",0.238993780134059,1504.53110608304,664952.363224719,2625.19482397997,26.6331666666667,1.8908382840127,28.692,0.36,0.26,0.335,4.06222222222222,20.6533333333333,2.373570014,0.790673923333333,17.4322222222222,13.43260843,1.54547538,5.4641,0.0481315614348215,0.562377681069384
"80",80,"PA36","A","R",0.148350254224272,2.2128497756988,0.343328235482812,316.397897868909,33.3026807904769,2,1,"C",0.411026515838374,1504.53110608304,664952.363224719,2625.19482397997,26.6331666666667,1.8908382840127,28.692,0.36,0.26,0.335,4.06222222222222,20.6533333333333,2.373570014,0.790673923333333,17.4322222222222,13.43260843,1.54547538,5.4641,0.0481315614348215,0.562377681069384
"81",81,"PA36","A","GP",0.237130163961777,2.7905000969196,0.792382429301331,309.866440090701,29.8242959196219,2,1,"C",0.819649975265306,1504.53110608304,664952.363224719,2625.19482397997,26.6331666666667,1.8908382840127,28.692,0.36,0.26,0.335,4.06222222222222,20.6533333333333,2.373570014,0.790673923333333,17.4322222222222,13.43260843,1.54547538,5.4641,0.0481315614348215,0.562377681069384
"82",82,"PA37","A","C",0.59496529652998,1.27595221126281,0.81520562142425,301.934625928676,27.9552211495385,3,1,"B",0.337121794638339,3236.38594869217,1516543.8536469,4652.88004538643,26.8250777160983,0.342214793640478,27.579,0.085,0.255,0.335,5.86222222222222,17.9577777777778,1.579760175,0.670386543,17.34,4.349761555,1.078099409,7.9528,-0.0892140918730832,-0.402893231848712
"83",83,"PA37","A","R",0.185161880553301,2.15734416226772,0.549741772464173,315.31094765796,33.0352825218815,3,1,"B",0.624992618117368,3236.38594869217,1516543.8536469,4652.88004538643,26.8250777160983,0.342214793640478,27.579,0.085,0.255,0.335,5.86222222222222,17.9577777777778,1.579760175,0.670386543,17.34,4.349761555,1.078099409,7.9528,-0.0892140918730832,-0.402893231848712
"84",84,"PA37","A","GP",0.464178701844904,3.30341004490488,1.21787884321717,307.547331267873,29.9915270808223,3,1,"B",1.30347560715143,3236.38594869217,1516543.8536469,4652.88004538643,26.8250777160983,0.342214793640478,27.579,0.085,0.255,0.335,5.86222222222222,17.9577777777778,1.579760175,0.670386543,17.34,4.349761555,1.078099409,7.9528,-0.0892140918730832,-0.402893231848712
"85",85,"PA38","A","C",0.279179471986095,2.23445009728616,0.444761577933856,309.512011291944,29.3320600572323,3,2,"B",0.430556571083392,3236.38594869217,1516543.8536469,4652.88004538643,26.8250777160983,0.342214793640478,27.579,0.085,0.255,0.335,5.86222222222222,17.9577777777778,1.579760175,0.670386543,17.34,3.665173428,0.714411339,6.5059,-0.0892140918730832,-0.402893231848712
"86",86,"PA38","A","R",0.166783020728427,2.4063094525366,0.38687212877685,316.55932949905,34.3523008455867,3,2,"B",0.490718690574918,3236.38594869217,1516543.8536469,4652.88004538643,26.8250777160983,0.342214793640478,27.579,0.085,0.255,0.335,5.86222222222222,17.9577777777778,1.579760175,0.670386543,17.34,3.665173428,0.714411339,6.5059,-0.0892140918730832,-0.402893231848712
"87",87,"PA38","A","GP",0.375198513208909,3.57300435636939,1.04521504135217,308.575343342351,30.5803008517738,3,2,"B",1.15369036984537,3236.38594869217,1516543.8536469,4652.88004538643,26.8250777160983,0.342214793640478,27.579,0.085,0.255,0.335,5.86222222222222,17.9577777777778,1.579760175,0.670386543,17.34,3.665173428,0.714411339,6.5059,-0.0892140918730832,-0.402893231848712
"88",88,"PA4","A","C",0.219474904862918,1.23200549378975,0.349191130833934,311.616441093122,28.4135085525776,1,2,"F",0.221118029578643,2099.87911062083,1473335.51683944,3928.11768633097,27.6364718066743,1.19073699891683,29.19,0.825,0.51,0.34,5.25222222222222,24.5922222222222,2.287115477,0.784025572,17.1855555555556,6.824893165,0.995874985,12.1221,-0.047696923120286,-0.420470144815025
"89",89,"PA4","A","R",0.0866010874005669,4.548940495516,0.371015716903634,313.518786860161,33.1941555878847,1,2,"F",0.430661887842438,2099.87911062083,1473335.51683944,3928.11768633097,27.6364718066743,1.19073699891683,29.19,0.825,0.51,0.34,5.25222222222222,24.5922222222222,2.287115477,0.784025572,17.1855555555556,6.824893165,0.995874985,12.1221,-0.047696923120286,-0.420470144815025
"90",90,"PA4","A","GP",0.270069855890113,2.8509841749307,0.944991722455594,308.963441375724,29.4331880900847,1,2,"F",0.964302977575965,2099.87911062083,1473335.51683944,3928.11768633097,27.6364718066743,1.19073699891683,29.19,0.825,0.51,0.34,5.25222222222222,24.5922222222222,2.287115477,0.784025572,17.1855555555556,6.824893165,0.995874985,12.1221,-0.047696923120286,-0.420470144815025
"91",91,"PA40","A","C",0.0982464781776922,6.28183797701014,0.199064177368843,311.450273032332,32.8826906027812,3,2,"B",0.268987071178004,3236.38594869217,1516543.8536469,4652.88004538643,26.8250777160983,0.342214793640478,27.579,0.085,0.255,0.335,5.86222222222222,17.9577777777778,1.579760175,0.670386543,17.34,3.515215802,0.911692822,5.2863,-0.0892140918730832,-0.402893231848712
"92",92,"PA40","A","R",0.129384096288298,2.37692942269543,0.374259087314679,318.268028710928,34.9654934593183,3,2,"B",0.464285700537359,3236.38594869217,1516543.8536469,4652.88004538643,26.8250777160983,0.342214793640478,27.579,0.085,0.255,0.335,5.86222222222222,17.9577777777778,1.579760175,0.670386543,17.34,3.515215802,0.911692822,5.2863,-0.0892140918730832,-0.402893231848712
"93",93,"PA40","A","GP",0.491887406966359,2.64596057507155,1.09949905428517,307.454287904732,29.8225259422397,3,2,"B",1.13449247979263,3236.38594869217,1516543.8536469,4652.88004538643,26.8250777160983,0.342214793640478,27.579,0.085,0.255,0.335,5.86222222222222,17.9577777777778,1.579760175,0.670386543,17.34,3.515215802,0.911692822,5.2863,-0.0892140918730832,-0.402893231848712
"94",94,"PA41","A","C",0.572220654242186,0.998316570408521,0.963130669825359,298.453802668047,27.5889909938002,3,1,"B",0.228970963297694,3236.38594869217,1516543.8536469,4652.88004538643,26.8250777160983,0.342214793640478,27.579,0.085,0.255,0.335,5.86222222222222,17.9577777777778,1.579760175,0.670386543,17.34,5.79016018,0.682682049,5.0608,-0.0892140918730832,-0.402893231848712
"95",95,"PA41","A","R",0.156288745480141,2.24517288183221,0.374237790981354,318.421531053245,35.4888165811865,3,1,"B",0.488419639513064,3236.38594869217,1516543.8536469,4652.88004538643,26.8250777160983,0.342214793640478,27.579,0.085,0.255,0.335,5.86222222222222,17.9577777777778,1.579760175,0.670386543,17.34,5.79016018,0.682682049,5.0608,-0.0892140918730832,-0.402893231848712
"96",96,"PA41","A","GP",0.447722238152418,2.94942239222063,1.05836388138118,308.045182936023,30.196334123806,3,1,"B",1.13390888693836,3236.38594869217,1516543.8536469,4652.88004538643,26.8250777160983,0.342214793640478,27.579,0.085,0.255,0.335,5.86222222222222,17.9577777777778,1.579760175,0.670386543,17.34,5.79016018,0.682682049,5.0608,-0.0892140918730832,-0.402893231848712
"97",97,"PA42","A","C",0.481157661934248,1.3568106425089,0.634612385551161,304.739451168434,28.097217310341,3,1,"B",0.326590857623751,3236.38594869217,1516543.8536469,4652.88004538643,26.8250777160983,0.342214793640478,27.579,0.085,0.255,0.335,5.86222222222222,17.9577777777778,1.579760175,0.670386543,17.34,2.886704717,0.747538966,6.317,-0.0892140918730832,-0.402893231848712
"98",98,"PA42","A","R",0.141632314312645,2.40643955229876,0.491676166747683,316.710570077479,33.9043964075255,3,1,"B",0.572407779232219,3236.38594869217,1516543.8536469,4652.88004538643,26.8250777160983,0.342214793640478,27.579,0.085,0.255,0.335,5.86222222222222,17.9577777777778,1.579760175,0.670386543,17.34,2.886704717,0.747538966,6.317,-0.0892140918730832,-0.402893231848712
"99",99,"PA42","A","GP",0.298624311574501,3.33136809803443,1.06011511738217,308.593282437786,29.8352196506793,3,1,"B",1.1127875602514,3236.38594869217,1516543.8536469,4652.88004538643,26.8250777160983,0.342214793640478,27.579,0.085,0.255,0.335,5.86222222222222,17.9577777777778,1.579760175,0.670386543,17.34,2.886704717,0.747538966,6.317,-0.0892140918730832,-0.402893231848712
"100",100,"PA43","A","C",0.284631599663294,2.33546649834582,0.44424640814464,309.627241291949,29.6437252781981,3,2,"B",0.447108494542513,3236.38594869217,1516543.8536469,4652.88004538643,26.8250777160983,0.342214793640478,27.579,0.085,0.255,0.335,5.86222222222222,17.9577777777778,1.579760175,0.670386543,17.34,8.841941729,1.183667234,9.4052,-0.0892140918730832,-0.402893231848712
"101",101,"PA43","A","R",0.122393742855355,2.66216904685221,0.426760680884437,317.406249999004,34.6625358463104,3,2,"B",0.513268997503515,3236.38594869217,1516543.8536469,4652.88004538643,26.8250777160983,0.342214793640478,27.579,0.085,0.255,0.335,5.86222222222222,17.9577777777778,1.579760175,0.670386543,17.34,8.841941729,1.183667234,9.4052,-0.0892140918730832,-0.402893231848712
"102",102,"PA43","A","GP",0.305932012777176,3.97505406436113,1.05305179716998,309.147359975235,30.9328943446387,3,2,"B",1.16542496901066,3236.38594869217,1516543.8536469,4652.88004538643,26.8250777160983,0.342214793640478,27.579,0.085,0.255,0.335,5.86222222222222,17.9577777777778,1.579760175,0.670386543,17.34,8.841941729,1.183667234,9.4052,-0.0892140918730832,-0.402893231848712
"103",103,"PA45","A","C",0.925035322239422,1.435705340146,1.28199769169539,297.154620912798,27.1880887750256,3,2,"B",0.390215705316277,3236.38594869217,1516543.8536469,4652.88004538643,26.8250777160983,0.342214793640478,27.579,0.085,0.255,0.335,5.86222222222222,17.9577777777778,1.579760175,0.670386543,17.34,4.09943984,1.191438038,11.9118,-0.0892140918730832,-0.402893231848712
"104",104,"PA45","A","R",0.152107789042132,2.25452621164796,0.448365602447444,317.457517129222,34.5006085273998,3,2,"B",0.541498987310126,3236.38594869217,1516543.8536469,4652.88004538643,26.8250777160983,0.342214793640478,27.579,0.085,0.255,0.335,5.86222222222222,17.9577777777778,1.579760175,0.670386543,17.34,4.09943984,1.191438038,11.9118,-0.0892140918730832,-0.402893231848712
"105",105,"PA45","A","GP",0.436247448283335,2.6805336816213,1.1789914392192,307.708176425593,29.6504790528184,3,2,"B",1.2053159850045,3236.38594869217,1516543.8536469,4652.88004538643,26.8250777160983,0.342214793640478,27.579,0.085,0.255,0.335,5.86222222222222,17.9577777777778,1.579760175,0.670386543,17.34,4.09943984,1.191438038,11.9118,-0.0892140918730832,-0.402893231848712
"106",106,"PA46","B","C",0.345745474194347,1.59201013572815,0.608808758242311,307.08635672809,27.5260667190345,3,1,"A",0.432013170501995,3265.01161115698,1527697.41589756,4710.67330373847,27.1404063241107,0.20120682811341,27.776,0.225,0.355,0.4,5.11,22.85,2.00810310766667,0.747416023,15.2322222222222,7.776172297,1.354197268,11.5084,-0.0402130213268309,-0.256277599027668
"107",107,"PA46","B","R",0.131863183864116,4.34502157387387,0.349611209840556,316.285524462707,36.4067154353114,3,1,"A",0.490702902903463,3265.01161115698,1527697.41589756,4710.67330373847,27.1404063241107,0.20120682811341,27.776,0.225,0.355,0.4,5.11,22.85,2.00810310766667,0.747416023,15.2322222222222,7.776172297,1.354197268,11.5084,-0.0402130213268309,-0.256277599027668
"108",108,"PA46","B","GP",0.422131190896453,2.61823754402697,1.18450067875383,307.58796703005,29.3855684905589,3,1,"A",1.19187716112057,3265.01161115698,1527697.41589756,4710.67330373847,27.1404063241107,0.20120682811341,27.776,0.225,0.355,0.4,5.11,22.85,2.00810310766667,0.747416023,15.2322222222222,7.776172297,1.354197268,11.5084,-0.0402130213268309,-0.256277599027668
"109",109,"PA48","B","C",0.13066365939028,6.67334276481909,0.250221929582915,310.920077739913,32.9589024763785,3,2,"A",0.345640031073084,3265.01161115698,1527697.41589756,4710.67330373847,27.1404063241107,0.20120682811341,27.776,0.225,0.355,0.4,5.11,22.85,2.00810310766667,0.747416023,15.2322222222222,6.747514963,0.560939533,10.1078,-0.0402130213268309,-0.256277599027668
"110",110,"PA48","B","R",0.126241034350444,3.06123716699282,0.422626763829081,316.893677233666,35.0898463202317,3,2,"A",0.524882125421732,3265.01161115698,1527697.41589756,4710.67330373847,27.1404063241107,0.20120682811341,27.776,0.225,0.355,0.4,5.11,22.85,2.00810310766667,0.747416023,15.2322222222222,6.747514963,0.560939533,10.1078,-0.0402130213268309,-0.256277599027668
"111",111,"PA48","B","GP",0.457568244543873,2.7786334228849,1.01496104118572,308.179848616056,30.3185428244691,3,2,"A",1.08754067661223,3265.01161115698,1527697.41589756,4710.67330373847,27.1404063241107,0.20120682811341,27.776,0.225,0.355,0.4,5.11,22.85,2.00810310766667,0.747416023,15.2322222222222,6.747514963,0.560939533,10.1078,-0.0402130213268309,-0.256277599027668
"112",112,"PA49","B","C",0.0963344109531373,4.57004816526635,0.172523288824228,312.160691798149,32.1121166966581,3,1,"A",0.226018822132003,3265.01161115698,1527697.41589756,4710.67330373847,27.1404063241107,0.20120682811341,27.776,0.225,0.355,0.4,5.11,22.85,2.00810310766667,0.747416023,15.2322222222222,4.384257085,1.014856093,12.0952,-0.0402130213268309,-0.256277599027668
"113",113,"PA49","B","R",0.111412271765575,4.02926560801463,0.291286550811439,316.93620689314,36.316150163549,3,1,"A",0.407272427776807,3265.01161115698,1527697.41589756,4710.67330373847,27.1404063241107,0.20120682811341,27.776,0.225,0.355,0.4,5.11,22.85,2.00810310766667,0.747416023,15.2322222222222,4.384257085,1.014856093,12.0952,-0.0402130213268309,-0.256277599027668
"114",114,"PA49","B","GP",0.275506479350092,2.536692280406,0.813349989971554,309.609033360499,29.7507339363383,3,1,"A",0.830675826738342,3265.01161115698,1527697.41589756,4710.67330373847,27.1404063241107,0.20120682811341,27.776,0.225,0.355,0.4,5.11,22.85,2.00810310766667,0.747416023,15.2322222222222,4.384257085,1.014856093,12.0952,-0.0402130213268309,-0.256277599027668
"115",115,"PA5","A","C",0.106214499406043,8.2204732823649,0.122335451097309,311.399866888089,33.9025372925091,1,1,"F",0.21533919717299,2099.87911062083,1473335.51683944,3928.11768633097,27.6364718066743,1.19073699891683,29.19,0.825,0.51,0.34,5.25222222222222,24.5922222222222,2.287115477,0.784025572,17.1855555555556,8.369193382,0.940594442,8.7848,-0.047696923120286,-0.420470144815025
"116",116,"PA5","A","R",0.110691768690501,36.5488788879476,0.415965313669584,312.460715416781,37.9816453432214,1,1,"F",0.578239154782601,2099.87911062083,1473335.51683944,3928.11768633097,27.6364718066743,1.19073699891683,29.19,0.825,0.51,0.34,5.25222222222222,24.5922222222222,2.287115477,0.784025572,17.1855555555556,8.369193382,0.940594442,8.7848,-0.047696923120286,-0.420470144815025
"117",117,"PA5","A","GP",0.178319426267445,10.5700105597289,0.841440373560298,309.315812157156,33.0261302568684,1,1,"F",0.983115288735401,2099.87911062083,1473335.51683944,3928.11768633097,27.6364718066743,1.19073699891683,29.19,0.825,0.51,0.34,5.25222222222222,24.5922222222222,2.287115477,0.784025572,17.1855555555556,8.369193382,0.940594442,8.7848,-0.047696923120286,-0.420470144815025
"118",118,"PA50","B","C",0.271326689059975,1.63764949192643,0.349041953423674,310.380252388925,29.2439830562131,3,1,"A",0.280779038405267,3265.01161115698,1527697.41589756,4710.67330373847,27.1404063241107,0.20120682811341,27.776,0.225,0.355,0.4,5.11,22.85,2.00810310766667,0.747416023,15.2322222222222,4.855067486,1.466129792,10.0585,-0.0402130213268309,-0.256277599027668
"119",119,"PA50","B","R",0.0939260152591046,2.57207707658476,0.228449401274632,319.108445301708,35.1671516388241,3,1,"A",0.29954784610456,3265.01161115698,1527697.41589756,4710.67330373847,27.1404063241107,0.20120682811341,27.776,0.225,0.355,0.4,5.11,22.85,2.00810310766667,0.747416023,15.2322222222222,4.855067486,1.466129792,10.0585,-0.0402130213268309,-0.256277599027668
"120",120,"PA50","B","GP",0.342421123834769,2.55096238489872,0.764025956631138,308.871156296842,29.8266639100347,3,1,"A",0.787603853038391,3265.01161115698,1527697.41589756,4710.67330373847,27.1404063241107,0.20120682811341,27.776,0.225,0.355,0.4,5.11,22.85,2.00810310766667,0.747416023,15.2322222222222,4.855067486,1.466129792,10.0585,-0.0402130213268309,-0.256277599027668
"121",121,"PA51","B","C",0.395119569089159,1.43480759034823,0.401367178556976,308.245029654869,29.6695397555268,3,2,"A",0.26493490470536,3265.01161115698,1527697.41589756,4710.67330373847,27.1404063241107,0.20120682811341,27.776,0.225,0.355,0.4,5.11,22.85,2.00810310766667,0.747416023,15.2322222222222,6.949470942,1.217668508,9.2163,-0.0402130213268309,-0.256277599027668
"122",122,"PA51","B","R",0.0746511519340196,4.85446543350993,0.263791011894006,317.626614653332,37.1962566687932,3,2,"A",0.352733645865449,3265.01161115698,1527697.41589756,4710.67330373847,27.1404063241107,0.20120682811341,27.776,0.225,0.355,0.4,5.11,22.85,2.00810310766667,0.747416023,15.2322222222222,6.949470942,1.217668508,9.2163,-0.0402130213268309,-0.256277599027668
"123",123,"PA51","B","GP",0.36112598948741,2.70388244420742,0.77961745940587,309.072523314609,30.3311324504515,3,2,"A",0.836119911030931,3265.01161115698,1527697.41589756,4710.67330373847,27.1404063241107,0.20120682811341,27.776,0.225,0.355,0.4,5.11,22.85,2.00810310766667,0.747416023,15.2322222222222,6.949470942,1.217668508,9.2163,-0.0402130213268309,-0.256277599027668
"124",124,"PA52","B","C",0.451546551241113,2.07443382110775,0.437277162278892,308.000116290914,29.8884995582396,3,2,"A",0.416489228464663,3265.01161115698,1527697.41589756,4710.67330373847,27.1404063241107,0.20120682811341,27.776,0.225,0.355,0.4,5.11,22.85,2.00810310766667,0.747416023,15.2322222222222,7.634110285,1.313440451,12.5425,-0.0402130213268309,-0.256277599027668
"125",125,"PA52","B","R",0.122119253281933,2.70908017289756,0.341100608796368,317.258976185901,34.6228113507472,3,2,"A",0.427655564672402,3265.01161115698,1527697.41589756,4710.67330373847,27.1404063241107,0.20120682811341,27.776,0.225,0.355,0.4,5.11,22.85,2.00810310766667,0.747416023,15.2322222222222,7.634110285,1.313440451,12.5425,-0.0402130213268309,-0.256277599027668
"126",126,"PA52","B","GP",0.423637172774985,2.8598471234674,1.07450589681251,308.203587300122,30.1251572767314,3,2,"A",1.13764211787527,3265.01161115698,1527697.41589756,4710.67330373847,27.1404063241107,0.20120682811341,27.776,0.225,0.355,0.4,5.11,22.85,2.00810310766667,0.747416023,15.2322222222222,7.634110285,1.313440451,12.5425,-0.0402130213268309,-0.256277599027668
"127",127,"PA53","B","C",0.32176195072847,1.70410538218495,0.425723402181241,308.921833405577,28.891628445538,3,1,"A",0.335921015560554,3265.01161115698,1527697.41589756,4710.67330373847,27.1404063241107,0.20120682811341,27.776,0.225,0.355,0.4,5.11,22.85,2.00810310766667,0.747416023,15.2322222222222,5.405101112,1.000282102,7.3149,-0.0402130213268309,-0.256277599027668
"128",128,"PA53","B","R",0.128199761547307,2.22106933646902,0.417802749668199,317.379530582762,33.6749897605653,3,1,"A",0.482709342255599,3265.01161115698,1527697.41589756,4710.67330373847,27.1404063241107,0.20120682811341,27.776,0.225,0.355,0.4,5.11,22.85,2.00810310766667,0.747416023,15.2322222222222,5.405101112,1.000282102,7.3149,-0.0402130213268309,-0.256277599027668
"129",129,"PA53","B","GP",0.401822918096393,2.7425803261423,1.01047367763516,308.43493478042,30.1043565215175,3,1,"A",1.06294897300994,3265.01161115698,1527697.41589756,4710.67330373847,27.1404063241107,0.20120682811341,27.776,0.225,0.355,0.4,5.11,22.85,2.00810310766667,0.747416023,15.2322222222222,5.405101112,1.000282102,7.3149,-0.0402130213268309,-0.256277599027668
"130",130,"PA54","B","C",1.56105218315337,1.91724855174255,1.6407913522318,295.670704870925,28.4448779494068,3,2,"A",0.448370426803967,3265.01161115698,1527697.41589756,4710.67330373847,27.1404063241107,0.20120682811341,27.776,0.225,0.355,0.4,5.11,22.85,2.00810310766667,0.747416023,15.2322222222222,4.395133553,1.09977243,8.0978,-0.0402130213268309,-0.256277599027668
"131",131,"PA54","B","R",0.143993494547462,2.50480491639807,0.346679181776577,317.260154662223,34.7087719765026,3,2,"A",0.445435478527391,3265.01161115698,1527697.41589756,4710.67330373847,27.1404063241107,0.20120682811341,27.776,0.225,0.355,0.4,5.11,22.85,2.00810310766667,0.747416023,15.2322222222222,4.395133553,1.09977243,8.0978,-0.0402130213268309,-0.256277599027668
"132",132,"PA54","B","GP",0.495241340333217,2.40607551481408,1.09155887348972,307.269543361161,29.6192230206396,3,2,"A",1.09067656928984,3265.01161115698,1527697.41589756,4710.67330373847,27.1404063241107,0.20120682811341,27.776,0.225,0.355,0.4,5.11,22.85,2.00810310766667,0.747416023,15.2322222222222,4.395133553,1.09977243,8.0978,-0.0402130213268309,-0.256277599027668
"133",133,"PA7","A","C",0.948822942509687,1.2726067600551,1.46083469099649,294.153742221665,27.4429692657081,1,1,"F",0.26871920881171,2099.87911062083,1473335.51683944,3928.11768633097,27.6364718066743,1.19073699891683,29.19,0.825,0.51,0.34,5.25222222222222,24.5922222222222,2.287115477,0.784025572,17.1855555555556,5.387851051,0.630223843,6.9764,-0.047696923120286,-0.420470144815025
"134",134,"PA7","A","R",0.105831657343402,37.4300915373419,0.452618774416176,312.516149946785,38.0524067995965,1,1,"F",0.608733524579838,2099.87911062083,1473335.51683944,3928.11768633097,27.6364718066743,1.19073699891683,29.19,0.825,0.51,0.34,5.25222222222222,24.5922222222222,2.287115477,0.784025572,17.1855555555556,5.387851051,0.630223843,6.9764,-0.047696923120286,-0.420470144815025
"135",135,"PA7","A","GP",0.168884489521649,10.0384829642847,0.856263966312993,309.735778918845,33.2704306208452,1,1,"F",0.994691728686554,2099.87911062083,1473335.51683944,3928.11768633097,27.6364718066743,1.19073699891683,29.19,0.825,0.51,0.34,5.25222222222222,24.5922222222222,2.287115477,0.784025572,17.1855555555556,5.387851051,0.630223843,6.9764,-0.047696923120286,-0.420470144815025
"136",136,"PA8","A","C",0.286879178027161,1.08276318514647,0.458212200925511,308.468955750723,27.7781925656175,1,2,"F",0.216132429151165,2099.87911062083,1473335.51683944,3928.11768633097,27.6364718066743,1.19073699891683,29.19,0.825,0.51,0.34,5.25222222222222,24.5922222222222,2.287115477,0.784025572,17.1855555555556,1.423327906,0.596724712,7.6603,-0.047696923120286,-0.420470144815025
"137",137,"PA8","A","R",0.119753075205622,4.21051072634318,0.453300120183802,313.483184531096,33.3865678739976,1,2,"F",0.536351703036344,2099.87911062083,1473335.51683944,3928.11768633097,27.6364718066743,1.19073699891683,29.19,0.825,0.51,0.34,5.25222222222222,24.5922222222222,2.287115477,0.784025572,17.1855555555556,1.423327906,0.596724712,7.6603,-0.047696923120286,-0.420470144815025
"138",138,"PA8","A","GP",0.448114967913606,2.48276835912046,1.19270908109156,306.926135387182,28.9060091054376,1,2,"F",1.16084741316501,2099.87911062083,1473335.51683944,3928.11768633097,27.6364718066743,1.19073699891683,29.19,0.825,0.51,0.34,5.25222222222222,24.5922222222222,2.287115477,0.784025572,17.1855555555556,1.423327906,0.596724712,7.6603,-0.047696923120286,-0.420470144815025
"139",139,"PA9","A","C",0.157159042094981,2.07892693165349,0.207714281225774,312.539248334164,29.5672591676212,1,1,"F",0.200927159891521,2099.87911062083,1473335.51683944,3928.11768633097,27.6364718066743,1.19073699891683,29.19,0.825,0.51,0.34,5.25222222222222,24.5922222222222,2.287115477,0.784025572,17.1855555555556,6.669127037,0.727561349,7.8034,-0.047696923120286,-0.420470144815025
"140",140,"PA9","A","R",0.116285764795087,35.0823975863072,0.342752294003646,312.690073665469,38.175224795386,1,1,"F",0.515789245398572,2099.87911062083,1473335.51683944,3928.11768633097,27.6364718066743,1.19073699891683,29.19,0.825,0.51,0.34,5.25222222222222,24.5922222222222,2.287115477,0.784025572,17.1855555555556,6.669127037,0.727561349,7.8034,-0.047696923120286,-0.420470144815025
"141",141,"PA9","A","GP",0.141844292422169,7.74855710875589,0.752935494267218,309.60216224284,32.2633980431069,1,1,"F",0.847267352268029,2099.87911062083,1473335.51683944,3928.11768633097,27.6364718066743,1.19073699891683,29.19,0.825,0.51,0.34,5.25222222222222,24.5922222222222,2.287115477,0.784025572,17.1855555555556,6.669127037,0.727561349,7.8034,-0.047696923120286,-0.420470144815025
