"fragment.ID","date","light_dark","temp.Cat","mV","Tin","salinity.insitu","salinity.lab","temp.InSitu","TA","Sample.Type","X","pH"
"I1",20190626,"light",20,-66.2,21.25233333,35.74333333,36.44,26.8,2340.2884,"Initial",NA,8.05974665896171
"PA1_L",20190626,"light",20,-66.2,20.506,36.1,36.57,26.8,2312.37357,"Sample",NA,8.06135078485493
"PA5_L",20190626,"light",20,-71.4,20.242,35.95,36.49,26.8,2338.76834,"Sample",NA,8.15123726308781
"PA7_L",20190626,"light",20,-70.6,20.399,35.64,35.95,26.8,2418.26158,"Sample",NA,8.13712004862923
"PA9_L",20190626,"light",20,-72.6,21.038,36.14,36.55,26.8,2316.60103,"Sample",NA,8.16984780536527
"PA10_L",20190626,"light",20,-70.6,21.147,36.32,36.51,26.8,2305.74046,"Sample",NA,8.13532279579585
"PA11_L",20190626,"light",20,-70.3,20.302,36,36.57,26.8,2317.22899,"Sample",NA,8.13219973488713
"PA17_L",20190626,"light",20,-72.5,21.227,36.16,36.6,26.8,2297.32581,"Sample",NA,8.1676576943596
"PA18_L",20190626,"light",20,-70.2,20.834,36,36.54,26.8,2321.2733,"Sample",NA,8.12921966097989
"BLANK1_L",20190626,"light",20,-66.7,20.82,35.7,36.59,26.8,2339.84758,"Blank",NA,8.06924986830521
"BLANK2_L",20190626,"light",20,-67.4,20.195,36.07,36.52,26.8,2338.60643,"Blank",NA,8.08263054355819
"I1",20190626,"light",24,-66.45,23.81,36.3,36.64,26.8,2339.748165,"Initial",NA,8.05835256027918
"PA1_L",20190626,"light",24,-70.2,23.485,36.4,36.81,26.8,2313.8553,"Sample",NA,8.12279768771922
"PA5_L",20190626,"light",24,-72.6,23.577,36.4,36.71,26.8,2294.12394,"Sample",NA,8.16333335512908
"PA7_L",20190626,"light",24,-72,23.643,36.39,36.63,26.8,2297.70547,"Sample",NA,8.15297282109282
"PA9_L",20190626,"light",24,-69,23.907,35.94,36.73,26.8,2290.99514,"Sample",NA,8.10139510669088
"PA10_L",20190626,"light",24,-68.6,23.75,36.4,36.78,26.8,2358.37722,"Sample",NA,8.09498360761836
"PA11_L",20190626,"light",24,-70.4,23.507,36.36,36.82,26.8,2290.49593,"Sample",NA,8.12614111626197
"PA17_L",20190626,"light",24,-71.9,23.95,36.39,36.71,26.8,2269.14792,"Sample",NA,8.15048443335568
"PA18_L",20190626,"light",24,-69.1,23.982,36.35,36.66,26.8,2296.71981,"Sample",NA,8.10291019473354
"BLANK1_L",20190626,"light",24,-64.7,23.754,36.35,36.6,26.8,2349.02787,"Blank",NA,8.02877416075948
"BLANK2_L",20190626,"light",24,-66,23.435,36.12,36.77,26.8,2344.10348,"Blank",NA,8.0515520637627
"I1",20190626,"light",28,-62.4,27.217,36.56333333,36.85,26.8,2354.907963,"Initial",NA,7.98246095925126
"PA1_L",20190626,"light",28,-67.2,26.124,35.9,36.77,26.8,2314.6643,"Sample",NA,8.06564232745236
"PA5_L",20190626,"light",28,-71.7,26.595,36.42,37.15,26.8,2298.8656,"Sample",NA,8.14016969568315
"PA7_L",20190626,"light",28,-70.4,26.361,36.46,36.91,26.8,2281.03526,"Sample",NA,8.11891836896731
"PA9_L",20190626,"light",28,-71.6,26.673,36.42,36.83,26.8,2288.77483,"Sample",NA,8.13828055285101
"PA10_L",20190626,"light",28,-67.6,26.283,36.57,36.76,26.8,2285.1141,"Sample",NA,8.07199321084643
"PA11_L",20190626,"light",28,-69.5,26.361,36.41,36.74,26.8,2285.26438,"Sample",NA,8.1037744395903
"PA17_L",20190626,"light",28,-72.1,26.677,36.49,36.67,26.8,2227.8305,"Sample",NA,8.14667431691574
"PA18_L",20190626,"light",28,-67,26.44,36.44,36.81,26.8,2290.38261,"Sample",NA,8.06151865908165
"BLANK1_L",20190626,"light",28,-64,26.552,36.44,36.74,26.8,2358.49195,"Blank",NA,8.01080222949133
"BLANK2_L",20190626,"light",28,-64,26.319,36.42,36.79,26.8,2356.5553,"Blank",NA,8.01132166485473
"I1",20190626,"light",30,-63.7,29.261,36.47,36.975,26.8,2341.323425,"Initial",NA,7.99958565642409
"PA1_L",20190626,"light",30,-70.5,27.921,36.59,36.98,26.8,2298.05431,"Sample",NA,8.11650835901108
"PA5_L",20190626,"light",30,-70.3,28.085,36.75,37.02,26.8,2285.67184,"Sample",NA,8.1127260613143
"PA7_L",20190626,"light",30,-71.2,28.282,36.6,37.04,26.8,2302.6161,"Sample",NA,8.12725009907878
"PA9_L",20190626,"light",30,-70.4,27.763,36.61,36.91,26.8,2259.00481,"Sample",NA,8.11525272118414
"PA10_L",20190626,"light",30,-68,27.761,36.57,36.95,26.8,2258.35847,"Sample",NA,8.07506208482857
"PA11_L",20190626,"light",30,-69.2,27.932,36.17,36.96,26.8,2260.43277,"Sample",NA,8.0947187089308
"PA17_L",20190626,"light",30,-71.6,27.677,36.57,36.98,26.8,2206.41274,"Sample",NA,8.13558352786576
"PA18_L",20190626,"light",30,-67.6,27.676,36.62,37.02,26.8,2284.90706,"Sample",NA,8.06857409838663
"BLANK1_L",20190626,"light",30,-64,27.96,36.57,37.03,26.8,2342.66631,"Blank",NA,8.00761270945011
"BLANK2_L",20190626,"light",30,-61.2,27.686,36.17,37.01,26.8,2353.40669,"Blank",NA,7.96133339734
"I1",20190626,"light",31,-61.9,30.75966667,36.68,36.92666667,26.8,2341.481917,"Initial",NA,7.96617248009714
"PA1_L",20190626,"light",31,-67.7,28.598,36.65,37.08,26.8,2292.69435,"Sample",NA,8.06793478355509
"PA5_L",20190626,"light",31,-70.3,28.798,36.69,37.06,26.8,2286.21507,"Sample",NA,8.11082367949567
"PA7_L",20190626,"light",31,-69.8,28.916,36.67,37.14,26.8,2298.23311,"Sample",NA,8.10216452658329
"PA9_L",20190626,"light",31,-68.1,29.155,36.67,37.06,26.8,2269.90768,"Sample",NA,8.07318627079777
"PA10_L",20190626,"light",31,-66.2,28.681,36.65,37.11,26.8,2253.59014,"Sample",NA,8.04267866510414
"PA11_L",20190626,"light",31,-67.3,28.709,36.65,37.07,26.8,2260.96773,"Sample",NA,8.06097526647023
"PA17_L",20190626,"light",31,-69.3,28.808,36.61,37.24,26.8,2200.16143,"Sample",NA,8.09410660819709
"PA18_L",20190626,"light",31,-66.2,28.675,36.34,37.21,26.8,2265.51478,"Sample",NA,8.04269337584554
"BLANK1_L",20190626,"light",31,-59.5,28.212,36.2,37.15,26.8,2345.89696,"Blank",NA,7.93177788451854
"BLANK2_L",20190626,"light",31,-63.2,28.673,36.62,37.13,26.8,2348.74986,"Blank",NA,7.99260519545451
"I1",20190626,"light",32,-61.6,31.7035,36.75,37.29,26.8,2339.932905,"Initial",NA,7.95900299627221
"PA1_L",20190626,"light",32,-68,29.732,36.78,37.35,26.8,2299.45516,"Sample",NA,8.07002661935065
"PA5_L",20190626,"light",32,-68.1,30.441,36.57,37.41,26.8,2245.7814,"Sample",NA,8.06983105168806
"PA7_L",20190626,"light",32,-68.9,30.393,36.77,37.41,26.8,2275.54497,"Sample",NA,8.08324016756641
"PA9_L",20190626,"light",32,-67.4,29.704,36.75,37.38,26.8,2276.6186,"Sample",NA,8.0601148985082
"PA10_L",20190626,"light",32,-65.6,29.296,36.71,37.39,26.8,2263.60055,"Sample",NA,8.03116395301515
"PA11_L",20190626,"light",32,-65.9,29.901,36.8,37.4,26.8,2273.06725,"Sample",NA,8.03466342181252
"PA17_L",20190626,"light",32,-68.1,29.628,36.68,37.36,26.8,2228.30006,"Sample",NA,8.0719612970488
"PA18_L",20190626,"light",32,-65.4,29.343,36.73,37.4,26.8,2174.73163,"Sample",NA,8.02771672181099
"BLANK1_L",20190626,"light",32,-62.5,29.497,36.68,37.3,26.8,2338.57128,"Blank",NA,7.97904910534071
"BLANK2_L",20190626,"light",32,-59.9,29.405,36.36,37.36,26.8,2343.46579,"Blank",NA,7.93595029506363
"I1",20190626,"light",35,-58.45,33.8565,37.04,37.465,26.8,2343.75291,"Initial",NA,7.90210835675233
"PA1_L",20190626,"light",35,-62.8,31.831,37.02,37.56,26.8,2251.53308,"Sample",NA,7.97853270161578
"PA5_L",20190626,"light",35,-65.1,32.457,36.89,37.52,26.8,2223.99102,"Sample",NA,8.01493546702809
"PA7_L",20190626,"light",35,-67,31.761,36.86,37.53,26.8,2325.50742,"Sample",NA,8.04812216204021
"PA9_L",20190626,"light",35,-63.8,32.142,36.83,37.5,26.8,2299.59417,"Sample",NA,7.99428494534033
"PA10_L",20190626,"light",35,-62,32.634,36.84,37.59,26.8,2307.93025,"Sample",NA,7.96338577860801
"PA11_L",20190626,"light",35,-62.3,32.233,36.93,37.55,26.8,2299.66179,"Sample",NA,7.96930336549155
"PA17_L",20190626,"light",35,-58.1,31.818,36.76,37.51,26.8,2314.73744,"Sample",NA,7.90089433612448
"PA18_L",20190626,"light",35,-61,32.038,36.81,37.55,26.8,2332.38442,"Sample",NA,7.94830581706338
"BLANK1_L",20190626,"light",35,-66.7,32.071,36.77,37.51,26.8,2343.8686,"Blank",NA,8.042345986092
"I1",20190626,"light",37,-56.16666667,36.176,37.16,37.46666667,26.8,2349.105113,"Initial",NA,7.85941522532996
"PA1_L",20190626,"light",37,-56.3,32.069,37.01,37.56,26.8,2312.69048,"Sample",NA,7.87062742648951
"PA5_L",20190626,"light",37,-52.9,32.962,37.14,37.54,26.8,2323.11366,"Sample",NA,7.81276855482021
"PA7_L",20190626,"light",37,-57,32.362,37.19,37.59,26.8,2342.98207,"Sample",NA,7.88156206066441
"PA9_L",20190626,"light",37,-53.4,32.538,37.05,37.58,26.8,2253.60399,"Sample",NA,7.82183344581308
"PA10_L",20190626,"light",37,-51.1,33.719,37.18,37.6,26.8,2307.56657,"Sample",NA,7.78171400227082
"PA11_L",20190626,"light",37,-54.5,31.998,37.39,37.59,26.8,2347.30126,"Sample",NA,7.84104680680289
"PA17_L",20190626,"light",37,-56.3,33.292,37.19,37.56,26.8,2352.57387,"Sample",NA,7.86803831074512
"PA18_L",20190626,"light",37,-52.8,33.436,37.23,37.61,26.8,2347.33603,"Sample",NA,7.81019386281113
"BLANK1_L",20190626,"light",37,-53.2,33.014,37.05,37.65,26.8,2351.1581,"Blank",NA,7.81760535840379
"I1",20190702,"light",20,-66.86666667,20.31366667,36.16333333,36.96666667,26.8,2334.71621,"Initial",NA,8.07321029843696
"PA2_L",20190702,"light",20,-71.8,21.504,35.84,36.99,26.8,2309.03501,"Sample",NA,8.15498393069682
"PA3_L",20190702,"light",20,-72.7,21.176,36.43,37.02,26.8,2296.24673,"Sample",NA,8.17121111552265
"PA4_L",20190702,"light",20,-77.1,21.18,36.37,37.02,26.8,2298.82989,"Sample",NA,8.24654120660389
"PA8_L",20190702,"light",20,-76,21.038,36.38,37.02,26.8,2300.9258,"Sample",NA,8.22809336288317
"PA12_L",20190702,"light",20,-76.4,21.42,36.39,37.03,26.8,2264.20798,"Sample",NA,8.23389395400402
"PA13_L",20190702,"light",20,-76.2,20.998,36.37,36.96,26.8,2281.01503,"Sample",NA,8.23162901272353
"PA14_L",20190702,"light",20,-73.1,21.193,36.33,36.98,26.8,2274.90765,"Sample",NA,8.17801679679405
"PA16_L",20190702,"light",20,-74.3,21.474,36.3,37,26.8,2288.85255,"Sample",NA,8.19782297876831
"BLANK3_L",20190702,"light",20,-66,20.785,36.11,36.99,26.8,2339.48348,"Blank",NA,8.05732397715268
"I1",20190702,"light",24,-65.83333333,23.56233333,36.46666667,36.82666667,26.8,2340.474833,"Initial",NA,8.0484377152472
"PA2_L",20190702,"light",24,-69,23.521,36.54,36.83,26.8,2316.55843,"Sample",NA,8.10232368042689
"PA3_L",20190702,"light",24,-74.4,23.731,36.62,36.88,26.8,2277.95041,"Sample",NA,8.19348767389362
"PA4_L",20190702,"light",24,-76.1,23.692,36.57,36.85,26.8,2285.33877,"Sample",NA,8.2224559315502
"PA8_L",20190702,"light",24,-76.3,23.585,36.55,36.87,26.8,2289.17247,"Sample",NA,8.22615331228537
"PA12_L",20190702,"light",24,-69.5,23.591,36.28,36.88,26.8,2227.73083,"Sample",NA,8.11064751046565
"PA13_L",20190702,"light",24,-75.7,23.448,36.39,36.71,26.8,2252.55918,"Sample",NA,8.21634408035115
"PA14_L",20190702,"light",24,-71.5,23.523,36.54,36.89,26.8,2257.91269,"Sample",NA,8.14478776488078
"PA16_L",20190702,"light",24,-71.8,23.52,36.54,36.86,26.8,2244.17575,"Sample",NA,8.1498917080529
"BLANK3_L",20190702,"light",24,-67.1,23.591,36.55,36.85,26.8,2345.75795,"Blank",NA,8.06988672642266
"BLANK4_L",20190702,"light",24,-65.5,23.316,36.52,36.84,26.8,2349.24173,"Blank",NA,8.04331673786891
"I1",20190702,"light",28,-65.15,27.896,36.82,36.865,26.8,2340.894705,"Initial",NA,8.02701152333225
"PA2_L",20190702,"light",28,-68.4,25.834,36.71,37.22,26.8,2323.13905,"Sample",NA,8.0865629816475
"PA3_L",20190702,"light",28,-71.4,26.851,36.63,37.25,26.8,2257.21172,"Sample",NA,8.1344456035431
"PA4_L",20190702,"light",28,-72.7,26.668,36.64,37.25,26.8,2270.88338,"Sample",NA,8.15678417497582
"PA8_L",20190702,"light",28,-72.5,26.718,36.23,37.23,26.8,2274.58334,"Sample",NA,8.1532864578368
"PA12_L",20190702,"light",28,-72.5,25.94,36.57,37.23,26.8,2170.81408,"Sample",NA,8.1553889704078
"PA13_L",20190702,"light",28,-73.6,26.572,36.62,37.21,26.8,2223.34369,"Sample",NA,8.17217906226658
"PA14_L",20190702,"light",28,-70.4,26.114,36.73,37.37,26.8,2237.60031,"Sample",NA,8.11955581039951
"PA16_L",20190702,"light",28,-71.8,26.177,36.65,37.25,26.8,2233.13672,"Sample",NA,8.1429651607118
"BLANK4_L",20190702,"light",28,-63.2,26.639,36.64,37.25,26.8,2343.35879,"Blank",NA,7.99715889101063
"I1",20190702,"light",30,-64.46666667,29.33966667,37.02666667,37.43,26.8,2344.450943,"Initial",NA,8.01217468326018
"PA2_L",20190702,"light",30,-70.6,27.211,36.78,37.32,26.8,2322.5343,"Sample",NA,8.12006155794536
"PA3_L",20190702,"light",30,-74.2,28.436,36.76,37.4,26.8,2244.4958,"Sample",NA,8.17696453767901
"PA4_L",20190702,"light",30,-75.3,28.228,36.49,37.38,26.8,2258.432913,"Sample",NA,8.19595806207637
"PA8_L",20190702,"light",30,-76.3,28.064,36.73,37.25,26.8,2255.93395,"Sample",NA,8.21317047862784
"PA12_L",20190702,"light",30,-73.4,27.518,36.71,37.42,26.8,2135.66619,"Sample",NA,8.1661847506153
"PA13_L",20190702,"light",30,-73.8,27.748,36.73,37.36,26.8,2210.03882,"Sample",NA,8.17223906409695
"PA14_L",20190702,"light",30,-71.4,27.134,36.73,37.41,26.8,2239.90336,"Sample",NA,8.13369070316487
"PA16_L",20190702,"light",30,-71.7,27.287,36.78,37.31,26.8,2229.41767,"Sample",NA,8.13831361602712
"BLANK3_L",20190702,"light",30,-65,27.293,36.52,37.35,26.8,2347.38161,"Blank",NA,8.02590901915093
"BLANK4_L",20190702,"light",30,-64.4,28.256,36.73,37.24,26.8,2345.11291,"Blank",NA,8.01361915686331
"I1",20190702,"light",31,-63.6,30.2915,36.92,37.665,26.8,2339.334895,"Initial",NA,7.9954863110652
"PA2_L",20190702,"light",31,-69.3,27.812,36.81,37.4,26.8,2312.61427,"Sample",NA,8.09670309942995
"PA3_L",20190702,"light",31,-72.5,29.132,36.79,37.43,26.8,2248.04562,"Sample",NA,8.14660386620166
"PA4_L",20190702,"light",31,-73.3,29.628,36.85,37.42,26.8,2262.90844,"Sample",NA,8.15851544212655
"PA8_L",20190702,"light",31,-70.9,29.078,36.52,37.43,26.8,2269.64167,"Sample",NA,8.12007559256322
"PA12_L",20190702,"light",31,-69,28.769,36.97,37.49,26.8,2143.53156,"Sample",NA,8.08920139514305
"PA13_L",20190702,"light",31,-73.9,29.164,36.75,37.45,26.8,2200.18616,"Sample",NA,8.1698523957879
"PA14_L",20190702,"light",31,-68.8,28.254,36.93,37.54,26.8,2247.22332,"Sample",NA,8.08719581286847
"PA16_L",20190702,"light",31,-70.4,28.221,36.84,37.43,26.8,2226.88141,"Sample",NA,8.11403719803709
"BLANK3_L",20190702,"light",31,-64.6,28.556,36.84,37.44,26.8,2346.5811,"Blank",NA,8.01625812452584
"BLANK4_L",20190702,"light",31,-63.4,29.582,36.86,37.37,26.8,2347.33027,"Blank",NA,7.99383736917659
"I1",20190702,"light",32,-61.1,34.21,36.58,37.81,26.8,2333.30983,"Initial",NA,7.94474367527325
"PA2_L",20190702,"light",32,-67.9,27.725,37.01,37.17,26.8,2317.15989,"Sample",NA,8.07347740084119
"PA3_L",20190702,"light",32,-71.2,29.874,36.92,37.75,26.8,2262.214181,"Sample",NA,8.12287774790186
"PA4_L",20190702,"light",32,-69.7,29.726,36.3,37.69,26.8,2286.82852,"Sample",NA,8.0983296119299
"PA8_L",20190702,"light",32,-69.8,29.634,36.85,37.72,26.8,2295.75472,"Sample",NA,8.10024167763861
"PA12_L",20190702,"light",32,-72,27.944,36.96,37.8,26.8,2163.15972,"Sample",NA,8.14155443297585
"PA13_L",20190702,"light",32,-72.1,29.188,36.97,37.8,26.8,2220.62275,"Sample",NA,8.13977815307896
"PA14_L",20190702,"light",32,-69.4,28.717,36.9,37.81,26.8,2258.84201,"Sample",NA,8.09601519994745
"PA16_L",20190702,"light",32,-68.7,28.509,36.87,37.71,26.8,2256.78342,"Sample",NA,8.08486664672135
"BLANK3_L",20190702,"light",32,-63.1,28.434,36.99,37.53,26.8,2355.74638,"Blank",NA,7.99147901399765
"BLANK4_L",20190702,"light",32,-63,30.013,36.99,37.72,26.8,2347.63261,"Blank",NA,7.98617461251422
"I1",20190702,"light",35,-61.15,34.11,37.075,37.76,26.8,2342.4187,"Initial",NA,7.945809621431
"PA2_L",20190702,"light",35,-66,30.786,36.97,37.83,26.8,2335.66645,"Sample",NA,8.03409604901663
"PA3_L",20190702,"light",35,-60.9,31.834,36.51,37.78,26.8,2323.17525,"Sample",NA,7.94712863608647
"PA4_L",20190702,"light",35,-67.6,31.403,36.93,37.75,26.8,2318.83827,"Sample",NA,8.05899486800692
"PA8_L",20190702,"light",35,-67.3,31.575,36.88,37.72,26.8,2332.31964,"Sample",NA,8.0535749827133
"PA12_L",20190702,"light",35,-69.2,30.829,37.05,37.85,26.8,2268.41925,"Sample",NA,8.08704034119742
"PA13_L",20190702,"light",35,-67.4,31.551,36.88,37.71,26.8,2296.88081,"Sample",NA,8.05529262597324
"PA14_L",20190702,"light",35,-67.2,30.543,37.09,37.93,26.8,2326.27714,"Sample",NA,8.05462615218659
"PA16_L",20190702,"light",35,-66.2,30.758,36.93,37.8,26.8,2250.091473,"Sample",NA,8.03748383448216
"BLANK3_L",20190702,"light",35,-62.1,30.912,36.88,37.7,26.8,2351.90032,"Blank",NA,7.9691338722385
"BLANK4_L",20190702,"light",35,-62,32.21,36.91,37.77,26.8,2350.694,"Blank",NA,7.96440763528627
"I1",20190702,"light",37,-59.3,35.592,37.4,37.8,26.8,2350.087405,"Initial",NA,7.91190468493526
"PA2_L",20190702,"light",37,-58.2,31.808,37.29,37.55,26.8,2286.86652,"Sample",NA,7.90256860099839
"PA3_L",20190702,"light",37,-54.6,33.472,37.02,37.57,26.8,2366.48895,"Sample",NA,7.83970825938931
"PA4_L",20190702,"light",37,-58.1,32.734,36.73,37.42,26.8,2341.72716,"Sample",NA,7.89888691015373
"PA8_L",20190702,"light",37,-61.3,31.104,36.34,37.86,26.8,2348.0301,"Sample",NA,7.95543303192427
"PA12_L",20190702,"light",37,-63,31.573,36.87,37.61,26.8,2330.58096,"Sample",NA,7.98246351103666
"PA13_L",20190702,"light",37,-64.8,31.43,36.63,37.54,26.8,2315.711,"Sample",NA,8.01259268661091
"PA14_L",20190702,"light",37,-59.5,31.579,37.03,37.61,26.8,2332.35401,"Sample",NA,7.92456438738853
"PA16_L",20190702,"light",37,-59.9,32.04,37.1,37.65,26.8,2363.96125,"Sample",NA,7.93013632091809
"BLANK3_L",20190702,"light",37,-57.4,31.892,36.91,37.59,26.8,2363.70111,"Blank",NA,7.88916883395436
"BLANK4_L",20190702,"light",37,-57.1,33.349,36.88,37.53,26.8,2362.01546,"Blank",NA,7.88106992912798
"I1",20190707,"light",20,-68.16666667,21.734,36.87666667,37.05333333,26.8,2353.914647,"Initial",NA,8.09231358377603
"PA21_L",20190707,"light",20,-74.9,21.071,36.9,37.07,26.8,2285.82444,"Sample",NA,8.20916138832669
"PA22_L",20190707,"light",20,-73.4,21.178,36.87,37.05,26.8,2303.9761,"Sample",NA,8.18319207042725
"PA26_L",20190707,"light",20,-71.5,21.092,36.94,37.08,26.8,2338.69558,"Sample",NA,8.15087061657815
"PA27_L",20190707,"light",20,-72.5,21.619,36.42,37.1,26.8,2319.61086,"Sample",NA,8.16666500075264
"PA30_L",20190707,"light",20,-76,21.322,36.98,37.09,26.8,2322.92377,"Sample",NA,8.2273183713114
"PA33_L",20190707,"light",20,-75.8,21.366,36.73,36.99,26.8,2321.69301,"Sample",NA,8.22377570735602
"PA34_L",20190707,"light",20,-75.6,21.114,36.96,37.08,26.8,2316.93853,"Sample",NA,8.22103554111671
"PA36_L",20190707,"light",20,-73.5,21.233,36.97,37.08,26.8,2333.01878,"Sample",NA,8.18476223294789
"BLANK5_L",20190707,"light",20,-69.8,20.871,36.88,37.07,26.8,2346.09276,"Blank",NA,8.12227522790897
"BLANK6_L",20190707,"light",20,-70.1,21.157,36.29,36.94,26.8,2338.69558,"Blank",NA,8.12673659748684
"I1",20190707,"light",24,-66.73333333,23.97133333,36.96,37.16333333,26.8,2352.230687,"Initial",NA,8.06279280590688
"PA21_L",20190707,"light",24,-70.5,23.873,37.12,37.22,26.8,2263.74154,"Sample",NA,8.12692841563038
"PA22_L",20190707,"light",24,-67.9,23.72,37.1,37.21,26.8,2306.11926,"Sample",NA,8.08317171653957
"PA26_L",20190707,"light",24,-68.5,23.89,37.18,37.2,26.8,2317.19123,"Sample",NA,8.09295283270223
"PA27_L",20190707,"light",24,-68.2,23.869,37.12,37.2,26.8,2267.42748,"Sample",NA,8.08791254649306
"PA30_L",20190707,"light",24,-73.7,23.962,37.17,37.21,26.8,2295.72133,"Sample",NA,8.18098588955154
"PA33_L",20190707,"light",24,-73.6,23.922,37.17,37.2,26.8,2293.59023,"Sample",NA,8.17939670312099
"PA34_L",20190707,"light",24,-72.7,23.709,36.94,37.21,26.8,2274.38098,"Sample",NA,8.16468665025263
"PA36_L",20190707,"light",24,-70.2,23.823,37.15,37.2,26.8,2305.02964,"Sample",NA,8.12196210434332
"BLANK5_L",20190707,"light",24,-66.7,23.857,36.69,37.29,26.8,2355.13183,"Blank",NA,8.06248825549413
"I1",20190707,"light",28,-64.5,27.976,37.16,37.2,26.8,2347.6064,"Initial",NA,8.01594412616039
"PA21_L",20190707,"light",28,-68.3,26.862,37.16,37.29,26.8,2261.84743,"Sample",NA,8.0823410069113
"PA22_L",20190707,"light",28,-66.7,26.445,37.22,37.53,26.8,2289.82801,"Sample",NA,8.05646010756087
"PA26_L",20190707,"light",28,-67.4,26.009,37.2,37.52,26.8,2309.97628,"Sample",NA,8.06928688846367
"PA27_L",20190707,"light",28,-67.9,26.771,37.17,37.45,26.8,2253.89375,"Sample",NA,8.07584585720168
"PA30_L",20190707,"light",28,-73.2,27.058,37.36,37.49,26.8,2272.30107,"Sample",NA,8.16411129528689
"PA33_L",20190707,"light",28,-71.5,26.728,37.21,37.5,26.8,2287.81341,"Sample",NA,8.13645328139574
"PA34_L",20190707,"light",28,-70.2,26.594,37.16,37.46,26.8,2267.2123,"Sample",NA,8.11495210119198
"PA36_L",20190707,"light",28,-68.5,26.172,36.89,37.45,26.8,2301.81033,"Sample",NA,8.08741564273405
"BLANK5_L",20190707,"light",28,-65,26.62,37.19,37.29,26.8,2356.00452,"Blank",NA,8.02746224478089
"BLANK6_L",20190707,"light",28,-65,26.727,37.27,37.27,26.8,2356.33342,"Blank",NA,8.02721660994504
"I1",20190707,"light",30,-62.7,29.9605,37.33,37.44,26.8,2343.621115,"Initial",NA,7.98130933689808
"PA21_L",20190707,"light",30,-68.8,27.815,37.18,37.54,26.8,2218.91706,"Sample",NA,8.08832269586843
"PA22_L",20190707,"light",30,-66.4,27.476,36.87,37.5,26.8,2282.65821,"Sample",NA,8.04895309315369
"PA26_L",20190707,"light",30,-68.2,27.816,37.36,37.54,26.8,2300.69225,"Sample",NA,8.07827299384146
"PA27_L",20190707,"light",30,-69.3,27.785,37.24,37.53,26.8,2213.40575,"Sample",NA,8.09677287820722
"PA30_L",20190707,"light",30,-72.1,28.349,37.33,37.56,26.8,2248.16201,"Sample",NA,8.14211243939354
"PA33_L",20190707,"light",30,-72.5,28.292,37.34,37.54,26.8,2261.44303,"Sample",NA,8.14895742591677
"PA34_L",20190707,"light",30,-70.1,27.683,37.2,37.5,26.8,2185.64782,"Sample",NA,8.11043831723589
"PA36_L",20190707,"light",30,-69.6,27.623,37.18,37.49,26.8,2254.32617,"Sample",NA,8.10221768374807
"BLANK5_L",20190707,"light",30,-64.3,28.245,37.43,37.53,26.8,2359.68139,"Blank",NA,8.01197267226391
"BLANK6_L",20190707,"light",30,-63.6,27.984,37.31,37.53,26.8,2360.6156,"Blank",NA,8.00086321262982
"I1",20190707,"light",31,-63.73333333,30.75166667,37.30333333,37.53,26.8,2352.35171,"Initial",NA,7.99659406753049
"PA21_L",20190707,"light",31,-69.9,29.02,37.28,37.45,26.8,2247.02308,"Sample",NA,8.1035553203605
"PA22_L",20190707,"light",31,-65.4,28.278,37.29,37.54,26.8,2279.28446,"Sample",NA,8.03028740375712
"PA26_L",20190707,"light",31,-68.4,28.621,37.28,37.55,26.8,2296.32498,"Sample",NA,8.07956695581366
"PA27_L",20190707,"light",31,-69.2,28.606,37.13,37.52,26.8,2215.17346,"Sample",NA,8.09296663603906
"PA30_L",20190707,"light",31,-72.7,28.862,37.78,37.56,26.8,2261.89463,"Sample",NA,8.15070120124491
"PA33_L",20190707,"light",31,-72.1,29.062,37.53,37.55,26.8,2273.96297,"Sample",NA,8.14013070415702
"PA34_L",20190707,"light",31,-71.1,28.541,37.39,37.69,26.8,2258.68859,"Sample",NA,8.12487598533136
"PA36_L",20190707,"light",31,-70.4,28.377,37.28,37.56,26.8,2292.79627,"Sample",NA,8.11362108917387
"BLANK5_L",20190707,"light",31,-64.3,29.47,37.38,37.56,26.8,2359.58636,"Blank",NA,8.00908751867249
"BLANK6_L",20190707,"light",31,-65,29.07,37.29,37.56,26.8,2354.21762,"Blank",NA,8.02171044343552
"I1",20190707,"light",32,-62.8,31.689,37.585,37.55,26.8,2349.548185,"Initial",NA,7.97887605483271
"PA21_L",20190707,"light",32,-65.8,30.874,37.09,37.62,26.8,2268.00358,"Sample",NA,8.03055679299348
"PA22_L",20190707,"light",32,-67.5,29.603,37.39,37.51,26.8,2287.47392,"Sample",NA,8.06203846283367
"PA26_L",20190707,"light",32,-67.1,29.351,37.45,37.58,26.8,2251.89956,"Sample",NA,8.05601966840236
"PA27_L",20190707,"light",32,-68,29.905,37.41,37.52,26.8,2275.11853,"Sample",NA,8.06957605832332
"PA30_L",20190707,"light",32,-70.5,29.807,37.47,37.58,26.8,2279.5304,"Sample",NA,8.11141944721896
"PA33_L",20190707,"light",32,-71.4,30.365,37.44,37.56,26.8,2284.94684,"Sample",NA,8.12482674773252
"PA34_L",20190707,"light",32,-69.5,29.281,37.38,37.51,26.8,2264.74934,"Sample",NA,8.09619075248876
"PA36_L",20190707,"light",32,-68.1,30.091,37.4,37.5,26.8,2302.29259,"Sample",NA,8.07075201031238
"BLANK5_L",20190707,"light",32,-63.7,30.39,37.59,37.64,26.8,2359.32609,"Blank",NA,7.99691134945469
"I1",20190707,"light",35,-61.9,35.041,37.91,37.62,26.8,2352.5324,"Initial",NA,7.95576065410419
"PA21_L",20190707,"light",35,-63.7,32.037,37.49,37.61,26.8,2330.16127,"Sample",NA,7.99289498038301
"PA22_L",20190707,"light",35,-65.6,30.16,37.06,37.6,26.8,2350.5481,"Sample",NA,8.0290313348881
"PA26_L",20190707,"light",35,-64.8,30.806,37.54,37.59,26.8,2347.99206,"Sample",NA,8.01414857510803
"PA27_L",20190707,"light",35,-66.5,31.621,37.41,37.6,26.8,2250.72719,"Sample",NA,8.04022396973246
"PA30_L",20190707,"light",35,-67.8,31.791,37.67,37.65,26.8,2244.53293,"Sample",NA,8.06126433729425
"PA33_L",20190707,"light",35,-69.4,31.801,37.59,37.64,26.8,2333.05163,"Sample",NA,8.08767970050764
"PA34_L",20190707,"light",35,-67,31.698,37.48,37.6,26.8,2340.91077,"Sample",NA,8.04828873995983
"PA36_L",20190707,"light",35,-67.5,30.968,37.35,37.6,26.8,2351.59893,"Sample",NA,8.05849009790004
"BLANK5_L",20190707,"light",35,-62.7,32.991,37.86,37.58,26.8,2360.14421,"Blank",NA,7.97404134424298
"I1",20190707,"light",37,-59.36666667,36.41733333,37.53666667,37.61,26.8,2354.132783,"Initial",NA,7.91095021395522
"PA21_L",20190707,"light",37,-56.8,30.22,37.6,37.84,26.8,2368.98846,"Sample",NA,7.88269148214315
"PA22_L",20190707,"light",37,-60.7,29.108,37.03,37.81,26.8,2351.55652,"Sample",NA,7.94992231068091
"PA26_L",20190707,"light",37,-59.8,28.524,37.64,37.85,26.8,2366.16177,"Sample",NA,7.93614502338588
"PA27_L",20190707,"light",37,-59.9,30.861,37.64,37.75,26.8,2364.29871,"Sample",NA,7.93278238622871
"PA30_L",20190707,"light",37,-60.2,30.334,37.86,37.81,26.8,2370.55897,"Sample",NA,7.93892340989027
"PA33_L",20190707,"light",37,-63.3,29.823,37.73,37.82,26.8,2352.99413,"Sample",NA,7.99160851672091
"PA34_L",20190707,"light",37,-62.5,30.319,37.58,37.75,26.8,2352.13856,"Sample",NA,7.97715283108752
"PA36_L",20190707,"light",37,-62.2,30.491,37.77,37.06,26.8,2374.97314,"Sample",NA,7.97177245526494
"BLANK6_L",20190707,"light",37,-60.9,31.051,37.87,37.89,26.8,2365.75855,"Blank",NA,7.94892810519776
"I1",20190713,"light",20,-66.33333333,20.27033333,36.71666667,37.19666667,26.8,2353.021637,"Initial",NA,8.06414389031348
"PA19_L",20190713,"light",20,-73.4,20.895,37.12,37.19,26.8,2294.67035,"Sample",NA,8.1839203644966
"PA20_L",20190713,"light",20,-72.7,20.825,37.06,37.2,26.8,2330.73325,"Sample",NA,8.17209973672891
"PA23_L",20190713,"light",20,-73.6,20.821,37.07,37.18,26.8,2320.43208,"Sample",NA,8.18753916591544
"PA25_L",20190713,"light",20,-71.2,20.822,36.65,37.15,26.8,2323.98268,"Sample",NA,8.14639186621171
"PA29_L",20190713,"light",20,-76.4,20.877,37.15,37.19,26.8,2230.28571,"Sample",NA,8.23538789048254
"PA31_L",20190713,"light",20,-75.5,20.861,37.07,37.2,26.8,2295.09449,"Sample",NA,8.22000456488793
"PA32_L",20190713,"light",20,-68.7,20.714,36.53,37.09,26.8,2291.50027,"Sample",NA,8.10378028658034
"PA35_L",20190713,"light",20,-75.7,20.852,37.16,37.21,26.8,2304.16796,"Sample",NA,8.22345715906849
"BLANK7_L",20190713,"light",20,-68.1,20.745,37.12,37.19,26.8,2352.56082,"Blank",NA,8.09342040405871
"BLANK8_L",20190713,"light",20,-66.3,20.72,37.11,37.17,26.8,2354.55705,"Blank",NA,8.06260754378028
"I1",20190713,"light",24,-64.96666667,23.917,37.11,37.25333333,26.8,2355.054807,"Initial",NA,8.03294538978584
"PA19_L",20190713,"light",24,-69.5,24.015,37.17,37.52,26.8,2249.84259,"Sample",NA,8.10961405384804
"PA20_L",20190713,"light",24,-63.6,24.157,36.97,37.51,26.8,2308.67743,"Sample",NA,8.00925366794098
"PA23_L",20190713,"light",24,-67.2,24.159,37.28,37.52,26.8,2287.18242,"Sample",NA,8.07027380802332
"PA25_L",20190713,"light",24,-67.2,24.078,37.23,37.49,26.8,2287.96916,"Sample",NA,8.07046153183457
"PA29_L",20190713,"light",24,-74.6,24.199,37.29,37.52,26.8,2142.32227,"Sample",NA,8.19560311837638
"PA31_L",20190713,"light",24,-72.5,24.129,37.25,37.51,26.8,2238.28945,"Sample",NA,8.16019386039058
"PA32_L",20190713,"light",24,-68.5,23.996,37.26,37.58,26.8,2276.5831,"Sample",NA,8.09269999043553
"PA35_L",20190713,"light",24,-71.4,24.02,37.29,37.57,26.8,2274.46636,"Sample",NA,8.14182419839168
"BLANK7_L",20190713,"light",24,-59.8,24.183,37.24,37.55,26.8,2350.83258,"Blank",NA,7.94478928635165
"BLANK8_L",20190713,"light",24,-63.6,24.041,37.28,37.52,26.8,2356.6533,"Blank",NA,8.00949860362007
"I1",20190713,"light",28,-62.9,27.6125,37.49,36.685,26.8,2340.95052,"Initial",NA,7.98997588604445
"PA19_L",20190713,"light",28,-69.6,26.701,37.31,36.75,26.8,2233.84457,"Sample",NA,8.10459088165093
"PA20_L",20190713,"light",28,-68.6,26.164,37.34,36.74,26.8,2298.41963,"Sample",NA,8.08911917757044
"PA23_L",20190713,"light",28,-71.3,26.2,37.35,36.74,26.8,2279.57242,"Sample",NA,8.13448621894255
"PA25_L",20190713,"light",28,-66.6,26.543,37.4,36.84,26.8,2279.45785,"Sample",NA,8.05454489778647
"PA29_L",20190713,"light",28,-74.6,26.444,37.4,36.8,26.8,2077.63837,"Sample",NA,8.1893557084823
"PA31_L",20190713,"light",28,-73.8,26.01,37.32,36.73,26.8,2208.9273,"Sample",NA,8.177101001499
"PA32_L",20190713,"light",28,-64.9,26.298,36.95,36.75,26.8,2214.8949,"Sample",NA,8.0265154822668
"PA35_L",20190713,"light",28,-70.1,26.426,37.43,36.76,26.8,2247.38335,"Sample",NA,8.11370333222076
"BLANK7_L",20190713,"light",28,-63,26.503,37.4,36.74,26.8,2350.68515,"Blank",NA,7.99409304604449
"BLANK8_L",20190713,"light",28,-62.7,26.559,37.38,36.73,26.8,2352.1262,"Blank",NA,7.98892647463383
"I1",20190713,"light",30,-60.55,29.172,37.735,36.715,26.8,2351.392505,"Initial",NA,7.94728291296627
"PA19_L",20190713,"light",30,-67.2,28.352,37.49,36.87,26.8,2233.99926,"Sample",NA,8.06019833466299
"PA20_L",20190713,"light",30,-67.8,27.988,37.46,36.84,26.8,2289.96095,"Sample",NA,8.07114395226505
"PA23_L",20190713,"light",30,-69.4,27.822,37.44,36.8,26.8,2272.58896,"Sample",NA,8.09835173813975
"PA25_L",20190713,"light",30,-65.7,27.843,37.47,36.81,26.8,2281.68175,"Sample",NA,8.03634548330794
"PA29_L",20190713,"light",30,-72.1,27.956,37.46,36.87,26.8,2075.50567,"Sample",NA,8.14319528547308
"PA31_L",20190713,"light",30,-72.2,28.04,37.45,36.82,26.8,2206.144074,"Sample",NA,8.14463767372965
"PA32_L",20190713,"light",30,-63.8,28.474,37.49,36.92,26.8,2256.6517,"Sample",NA,8.00308432176188
"PA35_L",20190713,"light",30,-69.1,27.389,37,36.88,26.8,2230.87808,"Sample",NA,8.09443887853342
"BLANK7_L",20190713,"light",30,-62,28.031,37.41,36.84,26.8,2356.54704,"Blank",NA,7.97398294410621
"BLANK8_L",20190713,"light",30,-61.3,28.334,37.38,36.85,26.8,2355.07315,"Blank",NA,7.96161601512378
"I1",20190713,"light",31,-59.56666667,30.41733333,37.61,36.79666667,26.8,2346.6149,"Initial",NA,7.92822526625883
"PA19_L",20190713,"light",31,-67.2,28.656,37.51,36.93,26.8,2232.44881,"Sample",NA,8.05943858397855
"PA20_L",20190713,"light",31,-66.9,28.463,37.47,37.07,26.8,2294.42002,"Sample",NA,8.05490861631979
"PA23_L",20190713,"light",31,-67.6,28.416,37.51,37.04,26.8,2260.27743,"Sample",NA,8.06672350577041
"PA25_L",20190713,"light",31,-64.8,27.957,37.61,37.05,26.8,2251.66223,"Sample",NA,8.02100951962669
"PA29_L",20190713,"light",31,-70.3,29.017,37.49,37.07,26.8,2062.61271,"Sample",NA,8.11023480991852
"PA31_L",20190713,"light",31,-71.3,28.08,37.63,37.01,26.8,2208.5603,"Sample",NA,8.12946988856584
"PA32_L",20190713,"light",31,-63,27.909,37,37.07,26.8,2218.20524,"Sample",NA,7.99098972018527
"PA35_L",20190713,"light",31,-66.9,29.019,37.61,37.09,26.8,2214.27225,"Sample",NA,8.05352226795067
"BLANK7_L",20190713,"light",31,-59.5,29.237,37.63,36.88,26.8,2353.48958,"Blank",NA,7.92964231914648
"BLANK8_L",20190713,"light",31,-59.7,28.755,37.6,36.9,26.8,2356.46277,"Blank",NA,7.93399156047899
"I1",20190713,"light",32,-57.7,31.382,37.89,37.03,26.8,2348.29355,"Initial",NA,7.89521405226352
"PA19_L",20190713,"light",32,-64.9,30.052,37.62,37.14,26.8,2271.94616,"Sample",NA,8.01766466205312
"PA20_L",20190713,"light",32,-64.6,29.291,37.82,37.1,26.8,2282.88931,"Sample",NA,8.0145126154639
"PA23_L",20190713,"light",32,-66.2,29.401,37.53,36.9,26.8,2283.85383,"Sample",NA,8.04090120408281
"PA25_L",20190713,"light",32,-62.8,29.235,37.72,37.07,26.8,2306.7012,"Sample",NA,7.98464651719128
"PA29_L",20190713,"light",32,-69.6,29.104,37.57,37.19,26.8,2100.94747,"Sample",NA,8.09832855509159
"PA31_L",20190713,"light",32,-69.8,29.046,37.87,37.09,26.8,2245.0389,"Sample",NA,8.10181812715014
"PA32_L",20190713,"light",32,-62,29.697,37.63,37.12,26.8,2247.90765,"Sample",NA,7.97027018747788
"PA35_L",20190713,"light",32,-65.7,29.55,37.69,37.11,26.8,2255.79863,"Sample",NA,8.03220566143293
"BLANK7_L",20190713,"light",32,-58.3,29.454,37.68,37.09,26.8,2351.29246,"Blank",NA,7.90919806817408
"BLANK8_L",20190713,"light",32,-57.8,29.64,37.26,37.12,26.8,2360.21971,"Blank",NA,7.90049309032412
"I1",20190713,"light",35,-55.15,34.4465,37.545,37.09,26.8,2351.30112,"Initial",NA,7.84667350997376
"PA19_L",20190713,"light",35,-61.3,31.702,37.79,37.23,26.8,2300.55291,"Sample",NA,7.95404698508242
"PA20_L",20190713,"light",35,-58.3,30.351,37.73,37.21,26.8,2355.95698,"Sample",NA,7.90733574864981
"PA23_L",20190713,"light",35,-60.7,31.496,37.57,36.88,26.8,2350.28526,"Sample",NA,7.94460079967553
"PA25_L",20190713,"light",35,-58.2,30.84,37.57,37.18,26.8,2274.29285,"Sample",NA,7.9046451214204
"PA29_L",20190713,"light",35,-67.5,31.402,37.66,37.21,26.8,2319.85912,"Sample",NA,8.05734272092889
"PA31_L",20190713,"light",35,-66,30.267,37.81,37.15,26.8,2343.91037,"Sample",NA,8.03540869451316
"PA32_L",20190713,"light",35,-59.4,31.22,37.88,37.24,26.8,2270.21228,"Sample",NA,7.92370549824432
"PA35_L",20190713,"light",35,-61.6,30.517,37.68,37.18,26.8,2343.02388,"Sample",NA,7.96175434685868
"BLANK7_L",20190713,"light",35,-55.5,31.344,37.96,37.25,26.8,2368.3742,"Blank",NA,7.85888192116079
"BLANK8_L",20190713,"light",35,-55.4,31.787,37.8,37.29,26.8,2371.67241,"Blank",NA,7.85633808477881
"I1",20190713,"light",37,-53,36.281,38.03333333,37.15,26.8,2364.530997,"Initial",NA,7.80759565248888
"PA19_L",20190713,"light",37,-54.8,32.142,38.08,37.32,26.8,2357.24271,"Sample",NA,7.84571330141786
"PA20_L",20190713,"light",37,-51.9,33.282,37.95,37.34,26.8,2394.09383,"Sample",NA,7.79569501902519
"PA23_L",20190713,"light",37,-54.1,32.699,37.87,37.32,26.8,2354.26356,"Sample",NA,7.83305288016633
"PA25_L",20190713,"light",37,-53,31.091,37.91,37.29,26.8,2373.19662,"Sample",NA,7.81797356173183
"PA29_L",20190713,"light",37,-61,30.332,37.48,37.34,26.8,2351.94518,"Sample",NA,7.95221294698217
"PA31_L",20190713,"light",37,-60.5,31.107,37.88,37.33,26.8,2348.98917,"Sample",NA,7.94217483247818
"PA32_L",20190713,"light",37,-53.1,32.292,37.99,37.34,26.8,2311.79662,"Sample",NA,7.81736207251049
"PA35_L",20190713,"light",37,-58,33.108,37.95,37.31,26.8,2294.62196,"Sample",NA,7.89640827632387
"BLANK8_L",20190713,"light",37,-53.5,32.154,38.18,37.3,26.8,2383.2362,"Blank",NA,7.82422972466641
"I1",20190718,"light",20,-65.4,20.646,36.10333333,36.58333333,26.8,2364.56272,"Initial",NA,8.04732806314818
"PA37_L",20190718,"light",20,-71.6,21.15,36.41,36.55,26.8,2327.52072,"Sample",NA,8.15244008141988
"PA39_L",20190718,"light",20,-72,21.351,36.47,36.61,26.8,2325.70208,"Sample",NA,8.15878775147867
"PA41_L",20190718,"light",20,-70.2,20.99,36.45,36.56,26.8,2337.1469,"Sample",NA,8.12884784417431
"PA42_L",20190718,"light",20,-68.7,21.063,36.57,36.63,26.8,2333.50475,"Sample",NA,8.10297921958605
"PA46_L",20190718,"light",20,-70.2,21.138,36.11,36.62,26.8,2275.62087,"Sample",NA,8.12849442786037
"PA49_L",20190718,"light",20,-68.8,21.176,36.44,36.56,26.8,2325.36174,"Sample",NA,8.10443136040838
"PA50_L",20190718,"light",20,-70.2,21.21,36.45,36.56,26.8,2308.70818,"Sample",NA,8.12832225865973
"PA53_L",20190718,"light",20,-72.8,21.151,36.37,36.55,26.8,2299.86931,"Sample",NA,8.1729869718426
"BLANK9_L",20190718,"light",20,-66.4,20.946,36.42,36.56,26.8,2351.52907,"Blank",NA,8.06383444811264
"BLANK10_L",20190718,"light",20,-66.1,20.958,36.17,36.55,26.8,2352.28112,"Blank",NA,8.05866777774668
"I1",20190718,"light",24,-62.76666667,24.40366667,36.51333333,36.61666667,26.8,2351.99473,"Initial",NA,7.99461669819317
"PA37_L",20190718,"light",24,-74,24.004,36.56,36.66,26.8,2282.16153,"Sample",NA,8.18596119526308
"PA39_L",20190718,"light",24,-72.9,23.87,36.54,36.63,26.8,2299.86983,"Sample",NA,8.16765840269687
"PA41_L",20190718,"light",24,-71.9,23.977,36.54,36.66,26.8,2318.03842,"Sample",NA,8.15041476910515
"PA42_L",20190718,"light",24,-69,23.912,36.57,36.68,26.8,2305.48199,"Sample",NA,8.1013830434825
"PA46_L",20190718,"light",24,-66.9,24.018,36.35,36.68,26.8,2224.3271,"Sample",NA,8.06551265247479
"PA49_L",20190718,"light",24,-71.1,23.979,36.57,36.66,26.8,2295.39835,"Sample",NA,8.13684042197744
"PA50_L",20190718,"light",24,-70.6,23.825,36.53,36.64,26.8,2282.62573,"Sample",NA,8.12874525920563
"PA53_L",20190718,"light",24,-74,23.995,36.55,36.66,26.8,2253.27994,"Sample",NA,8.18598550681579
"BLANK9_L",20190718,"light",24,-65.5,24.001,36.49,36.65,26.8,2358.43169,"Blank",NA,8.04180737438297
"BLANK10_L",20190718,"light",24,-65.1,24.184,36.61,36.65,26.8,2353.16579,"Blank",NA,8.03462126445643
"I1",20190718,"light",28,-62.13333333,27.55533333,36.67666667,36.67333333,26.8,2345.376343,"Initial",NA,7.97725356280688
"PA37_L",20190718,"light",28,-71.2,26.885,36.68,36.85,26.8,2260.23896,"Sample",NA,8.13099564244828
"PA39_L",20190718,"light",28,-69.5,26.541,36.55,36.76,26.8,2283.0336,"Sample",NA,8.10331745470731
"PA41_L",20190718,"light",28,-71.7,26.525,36.95,36.82,26.8,2303.71881,"Sample",NA,8.14035636453881
"PA42_L",20190718,"light",28,-68,26.871,36.64,36.83,26.8,2298.18761,"Sample",NA,8.07727921271121
"PA46_L",20190718,"light",28,-69.4,26.856,36.63,36.84,26.8,2240.16012,"Sample",NA,8.10083464485506
"PA49_L",20190718,"light",28,-68.3,26.418,36.29,36.8,26.8,2279.12348,"Sample",NA,8.083441806964
"PA50_L",20190718,"light",28,-69.8,26.815,36.67,36.82,26.8,2249.45232,"Sample",NA,8.10765960406659
"PA53_L",20190718,"light",28,-73.1,26.538,36.69,36.89,26.8,2218.57457,"Sample",NA,8.16386502260654
"BLANK10_L",20190718,"light",28,-63.7,26.701,36.84,36.76,26.8,2342.6276,"Blank",NA,8.00542658098655
"I1",20190718,"light",30,-60.7,29.6705,37.05,36.83,26.8,2350.078475,"Initial",NA,7.94869479773179
"PA37_L",20190718,"light",30,-70.2,28.17,37.06,37.03,26.8,2273.28855,"Sample",NA,8.11082788853376
"PA39_L",20190718,"light",30,-68,28.28,3682,37.01,26.8,2302.29658,"Sample",NA,8.07375323379397
"PA41_L",20190718,"light",30,-70.3,27.92,36.97,37.11,26.8,2313.25292,"Sample",NA,8.113163124081
"PA42_L",20190718,"light",30,-66,28.341,36.77,37.07,26.8,2298.96434,"Sample",NA,8.04016644872375
"PA46_L",20190718,"light",30,-68.4,28.225,36.91,37.07,26.8,2226.01993,"Sample",NA,8.08058150993134
"PA49_L",20190718,"light",30,-66.9,27.771,36.65,37,26.8,2255.51386,"Sample",NA,8.05661445866836
"PA50_L",20190718,"light",30,-68.8,28.012,36.85,37.02,26.8,2190.46962,"Sample",NA,8.08781805954205
"PA53_L",20190718,"light",30,-73.3,28.493,37.02,37.04,26.8,2200.4753,"Sample",NA,8.16176319004195
"BLANK9_L",20190718,"light",30,-61.9,28.092,36.91,37,26.8,2359.15756,"Blank",NA,7.97217634085081
"BLANK10_L",20190718,"light",30,-61.6,28.372,36.97,37.01,26.8,2367.0304,"Blank",NA,7.96654804536528
"I1",20190718,"light",31,-59,30.3965,37.1,37.04,26.8,2329.301555,"Initial",NA,7.91886220116317
"PA37_L",20190718,"light",31,-69.8,28.611,37.11,37.07,26.8,2265.77612,"Sample",NA,8.10297423805621
"PA39_L",20190718,"light",31,-68.1,28.486,36.91,37.06,26.8,2314.43032,"Sample",NA,8.07490120397559
"PA41_L",20190718,"light",31,-69.1,28.198,36.97,37.08,26.8,2311.00636,"Sample",NA,8.09235723856326
"PA42_L",20190718,"light",31,-64.3,28.911,36.97,37.11,26.8,2284.2325,"Sample",NA,8.0104128748941
"PA46_L",20190718,"light",31,-61.9,29.204,36.91,37.11,26.8,2235.62732,"Sample",NA,7.96971596264811
"PA49_L",20190718,"light",31,-64.5,28.81,36.94,37.29,26.8,2277.58642,"Sample",NA,8.01398877980976
"PA50_L",20190718,"light",31,-66.4,28.678,36.94,37.09,26.8,2240.67941,"Sample",NA,8.04602550426747
"PA53_L",20190718,"light",31,-72,28.382,37,37.11,26.8,2205.58841,"Sample",NA,8.14034982906378
"BLANK9_L",20190718,"light",31,-60.3,28.87,37.14,37.09,26.8,2368.24514,"Blank",NA,7.94376228633165
"BLANK10_L",20190718,"light",31,-59.3,29.234,36.97,37.1,26.8,2366.22359,"Blank",NA,7.92631530146145
"I1",20190718,"light",32,-57.7,31.382,37.89,37.03,26.8,2348.29355,"Initial",NA,7.89521405226352
"PA37_L",20190718,"light",32,-69.1,29.552,37.62,37.27,26.8,2278.60877,"Sample",NA,8.08880803473791
"PA39_L",20190718,"light",32,-66,29.034,36.79,37.11,26.8,2332.44178,"Sample",NA,8.03847469655338
"PA41_L",20190718,"light",32,-67.8,29.459,36.98,37.14,26.8,2323.79865,"Sample",NA,8.06740387654951
"PA42_L",20190718,"light",32,-61.4,29.616,36.98,37.14,26.8,2311.51303,"Sample",NA,7.96046639714207
"PA46_L",20190718,"light",32,-65.6,29.859,36.98,37.12,26.8,2242.39788,"Sample",NA,8.02977838708641
"PA49_L",20190718,"light",32,-63.6,29.895,36.9,37.16,26.8,2291.27355,"Sample",NA,7.99642854528414
"PA50_L",20190718,"light",32,-65.3,29.336,36.95,37.13,26.8,2257.70651,"Sample",NA,8.02606768269488
"PA53_L",20190718,"light",32,-70.4,29.444,37.03,37.13,26.8,2227.27922,"Sample",NA,8.11074590593514
"BLANK9_L",20190718,"light",32,-60.6,29.626,37.12,37.12,26.8,2342.06881,"Blank",NA,7.94712796484141
"I1",20190718,"light",35,-55.15,34.4465,37.545,37.09,26.8,2351.30112,"Initial",NA,7.84667350997376
"PA37_L",20190718,"light",35,-63,31.171,37.07,37.26,26.8,2346.58758,"Sample",NA,7.98343174792941
"PA39_L",20190718,"light",35,-61.4,30.775,36.83,37.25,26.8,2348.69181,"Sample",NA,7.95784584130872
"PA41_L",20190718,"light",35,-61.9,31.224,37.14,37.26,26.8,2354.9626,"Sample",NA,7.96509105074589
"PA42_L",20190718,"light",35,-58.7,31.18,37.19,37.33,26.8,2359.15355,"Sample",NA,7.91220154864354
"PA46_L",20190718,"light",35,-61.9,31.385,37.04,37.28,26.8,2340.454,"Sample",NA,7.96471346879724
"PA49_L",20190718,"light",35,-61.6,31.775,37.1,37.28,26.8,2293.8349,"Sample",NA,7.95883484056359
"PA50_L",20190718,"light",35,-62.3,30.203,36.95,37.26,26.8,2341.06451,"Sample",NA,7.97409977619289
"PA53_L",20190718,"light",35,-64.2,30.857,37.27,37.27,26.8,2339.49577,"Sample",NA,8.0040755099245
"BLANK9_L",20190718,"light",35,-58.3,31.121,37.21,37.25,26.8,2369.67551,"Blank",NA,7.90570382656404
"BLANK10_L",20190718,"light",35,-57,31.464,37.49,37.26,26.8,2370.1153,"Blank",NA,7.88345865340299
"I1",20190718,"light",37,-53,36.281,38.03333333,37.15,26.8,2364.530997,"Initial",NA,7.80759565248888
"PA37_L",20190718,"light",37,-52.7,34.45,37.04,37.4,26.8,2358.85696,"Sample",NA,7.80652491932469
"PA39_L",20190718,"light",37,-53.5,33.374,37.39,37.32,26.8,2367.09299,"Sample",NA,7.82182516439315
"PA41_L",20190718,"light",37,-55.2,33.917,37.34,37.36,26.8,2372.92677,"Sample",NA,7.84862839588562
"PA42_L",20190718,"light",37,-52.2,34.544,37.3,37.4,26.8,2375.30902,"Sample",NA,7.79814451528472
"PA46_L",20190718,"light",37,-55.2,34.154,37.17,37.32,26.8,2366.90414,"Sample",NA,7.84812213009609
"PA49_L",20190718,"light",37,-55.1,34.925,37.45,37.43,26.8,2362.43714,"Sample",NA,7.84481618190383
"PA50_L",20190718,"light",37,-56.3,31.673,37.13,37.4,26.8,2358.85268,"Sample",NA,7.87144783894865
"PA53_L",20190718,"light",37,-57.5,34.334,37.49,37.31,26.8,2365.94255,"Sample",NA,7.88543304443591
"BLANK9_L",20190718,"light",37,-54,35.311,37.28,37.36,26.8,2382.52006,"Blank",NA,7.8259964800048
"BLANK10_L",20190718,"light",37,-53.9,35.211,37.6,37.35,26.8,2380.90676,"Blank",NA,7.82457671360455
"I1",20190722,"light",20,-64.26666667,20.54666667,36.37333333,36.59333333,26.8,2351.593473,"Initial",NA,8.02808838955725
"PA38_L",20190722,"light",20,-65.6,20.812,36.55,36.59,26.8,2289.87842,"Sample",NA,8.05040864182198
"PA40_L",20190722,"light",20,-68.8,20.68,36.54,36.57,26.8,2324.76698,"Sample",NA,8.10557332474843
"PA43_L",20190722,"light",20,-68.6,20.723,36.54,36.56,26.8,2296.67603,"Sample",NA,8.10204473357373
"PA45_L",20190722,"light",20,-70.2,20.675,36.49,36.56,26.8,2324.28488,"Sample",NA,8.12959789376834
"PA48_L",20190722,"light",20,-67.4,20.774,36.5,36.64,26.8,2316.03168,"Sample",NA,8.08135246376794
"PA51_L",20190722,"light",20,-68.9,20.651,36.22,36.6,26.8,2458.74392,"Sample",NA,8.10735522649377
"PA52_L",20190722,"light",20,-66.9,20.745,35.19,35.39,26.8,2207.3056,"Sample",NA,8.07284265381169
"PA54_L",20190722,"light",20,-67.1,20.797,36.58,36.56,26.8,2254.34477,"Sample",NA,8.07615795915246
"BLANK11_L",20190722,"light",20,-64.4,20.545,36.49,36.58,26.8,2350.6012,"Blank",NA,8.03037974006184
"BLANK12_L",20190722,"light",20,-67.1,20.874,36.58,36.55,26.8,2347.23828,"Blank",NA,8.07598852660352
"I1",20190722,"light",24,-62.8,23.583,36.57666667,36.57666667,26.8,2351.152265,"Initial",NA,7.99687335824815
"PA38_L",20190722,"light",24,-63.8,24.043,36.65,36.67,26.8,2254.57934,"Sample",NA,8.01288595090661
"PA40_L",20190722,"light",24,-68.6,23.792,36.61,36.64,26.8,2297.21592,"Sample",NA,8.09488344631103
"PA43_L",20190722,"light",24,-67,23.66,36.6,36.64,26.8,2269.39294,"Sample",NA,8.06803048675351
"PA45_L",20190722,"light",24,-70.2,23.686,36.63,36.64,26.8,2273.34638,"Sample",NA,8.12230127172333
"PA48_L",20190722,"light",24,-67.6,23.965,36.65,36.63,26.8,2275.43553,"Sample",NA,8.07750792385607
"PA51_L",20190722,"light",24,-66.6,23.656,36.65,36.63,26.8,2305.91165,"Sample",NA,8.06124766732423
"PA52_L",20190722,"light",24,-65,23.674,36.6,36.62,26.8,2288.0861,"Sample",NA,8.03404061143723
"PA54_L",20190722,"light",24,-65.6,23.982,36.59,36.62,26.8,2293.76648,"Sample",NA,8.04354560626507
"BLANK11_L",20190722,"light",24,-62.9,23.749,36.67,36.61,26.8,2349.18108,"Blank",NA,7.99823064700195
"BLANK12_L",20190722,"light",24,-60,23.95,36.63,36.72,26.8,2354.5435,"Blank",NA,7.94862309285495
"I1",20190722,"light",28,-62.23333333,28.02066667,36.88,36.70666667,26.8,2345.66518,"Initial",NA,7.9779101285466
"PA38_L",20190722,"light",28,-69.3,27.025,36.81,36.77,26.8,2216.27409,"Sample",NA,8.09872417939923
"PA40_L",20190722,"light",28,-70.3,26.51,36.68,36.77,26.8,2275.90503,"Sample",NA,8.11685082927382
"PA43_L",20190722,"light",28,-69.3,26.685,36.73,36.88,26.8,2226.91054,"Sample",NA,8.09958922955016
"PA45_L",20190722,"light",28,-71.4,26.431,36.72,36.77,26.8,2248.70139,"Sample",NA,8.13555992778842
"PA48_L",20190722,"light",28,-69.5,26.902,36.8,36.76,26.8,2239.47449,"Sample",NA,8.10239693044597
"PA51_L",20190722,"light",28,-68.3,26.325,36.87,36.74,26.8,2272.31542,"Sample",NA,8.08367134497311
"PA52_L",20190722,"light",28,-68.6,26.58,36.76,36.77,26.8,2243.88233,"Sample",NA,8.08808540221007
"PA54_L",20190722,"light",28,-68.3,27.381,36.74,36.74,26.8,2270.49167,"Sample",NA,8.08104373898211
"BLANK11_L",20190722,"light",28,-63.2,26.755,37.15,36.75,26.8,2354.81569,"Blank",NA,7.99690418231631
"BLANK12_L",20190722,"light",28,-61.8,26.905,36.74,36.74,26.8,2350.74341,"Blank",NA,7.97305942988374
"I1",20190722,"light",30,-60.86666667,29.44733333,37.01333333,36.74333333,26.8,2329.585647,"Initial",NA,7.95195950173405
"PA38_L",20190722,"light",30,-65.9,28.793,36.82,36.85,26.8,2190.13358,"Sample",NA,8.0373964416965
"PA40_L",20190722,"light",30,-69.6,28,36.81,36.82,26.8,2259.99171,"Sample",NA,8.1012368554868
"PA43_L",20190722,"light",30,-67.9,28.189,36.76,36.83,26.8,2201.35855,"Sample",NA,8.07231113734379
"PA45_L",20190722,"light",30,-70.1,27.717,37.32,36.82,26.8,2252.33587,"Sample",NA,8.11034907822928
"PA48_L",20190722,"light",30,-67.2,28.608,36.93,36.82,26.8,2220.9991,"Sample",NA,8.05955882433813
"PA51_L",20190722,"light",30,-67.7,27.686,36.99,36.86,26.8,2228.83826,"Sample",NA,8.07022449971119
"PA52_L",20190722,"light",30,-67.2,28.317,36.77,36.85,26.8,2244.07982,"Sample",NA,8.06028553689499
"PA54_L",20190722,"light",30,-68.4,28.671,36.82,36.82,26.8,2260.59431,"Sample",NA,8.07943835348074
"BLANK11_L",20190722,"light",30,-61.3,28.179,36.95,36.83,26.8,2352.02579,"Blank",NA,7.96195091891896
"BLANK12_L",20190722,"light",30,-61.3,28.245,36.8,36.8,26.8,2347.37945,"Blank",NA,7.9618084533083
"I1",20190722,"light",31,-58.16666667,30.546,37.13666667,36.80333333,26.8,2313.804813,"Initial",NA,7.90471278239972
"PA38_L",20190722,"light",31,-65.1,28.908,36.89,36.96,26.8,2203.45721,"Sample",NA,8.0237677106405
"PA40_L",20190722,"light",31,-69,28.172,36.88,36.92,26.8,2276.24971,"Sample",NA,8.09075203841421
"PA43_L",20190722,"light",31,-67.3,29.189,36.92,36.93,26.8,2217.69597,"Sample",NA,8.05976320810715
"PA45_L",20190722,"light",31,-69.2,28.79,36.91,36.92,26.8,2252.99109,"Sample",NA,8.0924848031672
"PA48_L",20190722,"light",31,-66.8,28.572,37.19,36.93,26.8,2227.38136,"Sample",NA,8.05296762196758
"PA51_L",20190722,"light",31,-65.7,28.452,37.21,36.24,26.8,2232.89497,"Sample",NA,8.03488398536264
"PA52_L",20190722,"light",31,-66.8,28.595,36.91,36.06,26.8,2225.07995,"Sample",NA,8.05291056699475
"PA54_L",20190722,"light",31,-67,29.386,36.94,36.05,26.8,2247.82038,"Sample",NA,8.05426515685667
"BLANK11_L",20190722,"light",31,-59.6,29.072,36.98,36.9,26.8,2367.09351,"Blank",NA,7.9316571263963
"BLANK12_L",20190722,"light",31,-58.7,29.267,36.93,36.88,26.8,2360.41111,"Blank",NA,7.91624712153797
"I1",20190722,"light",32,-56.85,31.1815,36.995,35.985,26.8,2281.82839,"Initial",NA,7.8815621884962
"PA38_L",20190722,"light",32,-62.9,29.97,37.52,36.17,26.8,2202.62573,"Sample",NA,7.98461254010853
"PA40_L",20190722,"light",32,-66.6,29.531,36.91,36.06,26.8,2267.35242,"Sample",NA,8.04723781750425
"PA43_L",20190722,"light",32,-65,30.327,37.13,36.06,26.8,2171.98466,"Sample",NA,8.01865093356012
"PA45_L",20190722,"light",32,-66.8,29.596,36.89,36.04,26.8,2268.24282,"Sample",NA,8.05040367755567
"PA48_L",20190722,"light",32,-64.5,29.978,36.96,36.1,26.8,2230.48541,"Sample",NA,8.01119517805367
"PA51_L",20190722,"light",32,-65.1,29.539,36.96,36.02,26.8,2238.00416,"Sample",NA,8.02224282250318
"PA52_L",20190722,"light",32,-64.2,28.645,36.85,36.03,26.8,2189.24491,"Sample",NA,8.00936841721249
"PA54_L",20190722,"light",32,-64.5,30.289,37.01,36.01,26.8,2262.1179,"Sample",NA,8.0104401685822
"BLANK12_L",20190722,"light",32,-58.6,29.916,37.19,36,26.8,2311.30124,"Blank",NA,7.91323278472049
"I1",20190722,"light",35,-57.46666667,34.41133333,37.35333333,35.89666667,26.8,2323.470977,"Initial",NA,7.88471062097479
"PA38_L",20190722,"light",35,-61.3,32.45,37.01,35.93,26.8,2293.10493,"Sample",NA,7.95228649336522
"PA40_L",20190722,"light",35,-63.7,31.697,37.12,35.9,26.8,2265.99275,"Sample",NA,7.99373559131879
"PA43_L",20190722,"light",35,-62.9,31.817,37.03,35.9,26.8,2302.33511,"Sample",NA,7.98021915583869
"PA45_L",20190722,"light",35,-63.6,31.517,37.26,35.94,26.8,2324.89015,"Sample",NA,7.99252398900919
"PA48_L",20190722,"light",35,-63.2,31.864,37.19,35.96,26.8,2230.55223,"Sample",NA,7.98506195855719
"PA51_L",20190722,"light",35,-61.8,31.113,37.07,35.87,26.8,2317.43768,"Sample",NA,7.96369420540665
"PA52_L",20190722,"light",35,-61.5,32.149,37.08,35.91,26.8,2309.61464,"Sample",NA,7.95630005955264
"PA54_L",20190722,"light",35,-62.7,32.395,37.2,35.9,26.8,2310.51602,"Sample",NA,7.97550897629765
"BLANK11_L",20190722,"light",35,-58.7,31.36,37.45,35.9,26.8,2344.44142,"Blank",NA,7.91181105599164
"BLANK12_L",20190722,"light",35,-56.2,31.212,36.89,35.92,26.8,2344.10493,"Blank",NA,7.87073624966302
"I1",20190722,"light",37,-55.23333333,36.61033333,37.41333333,35.89333333,26.8,2341.303277,"Initial",NA,7.84321792341487
"PA38_L",20190722,"light",37,-56.4,33.586,37.22,36.11,26.8,2345.1232,"Sample",NA,7.86904623249227
"PA40_L",20190722,"light",37,-58.5,32.421,37.18,36.09,26.8,2348.47309,"Sample",NA,7.90617522354451
"PA43_L",20190722,"light",37,-55.8,34.245,37.42,36.1,26.8,2337.81369,"Sample",NA,7.85776387331816
"PA45_L",20190722,"light",37,-57.5,34.776,36.72,36.08,26.8,2342.41968,"Sample",NA,7.88442111754288
"PA48_L",20190722,"light",37,-55.5,34.81,37.2,36.06,26.8,2351.10727,"Sample",NA,7.85161290993194
"PA51_L",20190722,"light",37,-58.5,32.058,37.47,36.07,26.8,2329.75631,"Sample",NA,7.90697784108256
"PA52_L",20190722,"light",37,-58.2,34.298,37.18,36.08,26.8,2346.59406,"Sample",NA,7.89698949546989
"PA54_L",20190722,"light",37,-58,33.161,37.32,36.05,26.8,2328.05873,"Sample",NA,7.89628987168249
"BLANK11_L",20190722,"light",37,-55.1,34.815,37.45,36.2,26.8,2358.25935,"Blank",NA,7.84505604658594
"BLANK12_L",20190722,"light",37,-55.7,34.17,37.25,36.04,26.8,2356.08592,"Blank",NA,7.85628734461481
