,individual.ID,temp.Cat,site,Temp.C,umol.cm2.hr,rate.type,light_dark,fragment.ID,site.block,recovery.block
3,PA12,20,B,20.08228571,0.345810299,R,dark,PA12_D,1,2
4,PA13,20,B,20.19112245,0.3276489,R,dark,PA13_D,1,2
5,PA14,20,B,20.08487755,0.445672401,R,dark,PA14_D,1,2
6,PA16,20,B,20.14465306,0.312391412,R,dark,PA16_D,1,2
7,PA2,20,A,19.94020408,0.440878079,R,dark,PA2_D,1,2
8,PA3,20,A,20.13632653,0.626907994,R,dark,PA3_D,1,2
9,PA4,20,A,20.21630612,0.34237076,R,dark,PA4_D,1,2
10,PA8,20,A,20.13857143,0.398867075,R,dark,PA8_D,1,2
13,PA12,24,B,23.92791837,0.445619902,R,dark,PA12_D,1,2
14,PA13,24,B,24.03240816,0.425551818,R,dark,PA13_D,1,2
15,PA14,24,B,23.70834694,0.476060417,R,dark,PA14_D,1,2
16,PA16,24,B,23.73836735,0.404832666,R,dark,PA16_D,1,2
17,PA2,24,A,23.66442857,0.617826274,R,dark,PA2_D,1,2
18,PA3,24,A,23.83391837,0.741016127,R,dark,PA3_D,1,2
19,PA4,24,A,24.13379592,0.425347342,R,dark,PA4_D,1,2
20,PA8,24,A,23.92638776,0.547576408,R,dark,PA8_D,1,2
23,PA12,28,B,28.01397959,0.482735122,R,dark,PA12_D,1,2
24,PA13,28,B,28.06116327,0.48557961,R,dark,PA13_D,1,2
25,PA14,28,B,27.86640816,0.483285338,R,dark,PA14_D,1,2
26,PA16,28,B,28.03891837,0.438758951,R,dark,PA16_D,1,2
27,PA2,28,A,27.90738776,0.676134934,R,dark,PA2_D,1,2
28,PA3,28,A,28.04879592,0.909579173,R,dark,PA3_D,1,2
29,PA4,28,A,28.10981633,0.433658023,R,dark,PA4_D,1,2
30,PA8,28,A,28.09483673,0.574347593,R,dark,PA8_D,1,2
33,PA12,30,B,30.03760784,0.599878257,R,dark,PA12_D,1,2
34,PA13,30,B,30.06031373,0.578430535,R,dark,PA13_D,1,2
35,PA14,30,B,29.85929412,0.540777266,R,dark,PA14_D,1,2
36,PA16,30,B,30.04590196,0.482491894,R,dark,PA16_D,1,2
37,PA2,30,A,29.89235294,0.801042221,R,dark,PA2_D,1,2
38,PA3,30,A,30.0792549,0.922356906,R,dark,PA3_D,1,2
39,PA4,30,A,30.13535294,0.484871712,R,dark,PA4_D,1,2
40,PA8,30,A,30.10780392,0.632963357,R,dark,PA8_D,1,2
43,PA12,31,B,30.9414898,0.608779281,R,dark,PA12_D,1,2
44,PA13,31,B,30.98665306,0.56984134,R,dark,PA13_D,1,2
45,PA14,31,B,30.809,0.591974314,R,dark,PA14_D,1,2
46,PA16,31,B,31.01379592,0.541072536,R,dark,PA16_D,1,2
47,PA2,31,A,30.87581633,0.814558504,R,dark,PA2_D,1,2
48,PA3,31,A,31.02793878,0.955373746,R,dark,PA3_D,1,2
49,PA4,31,A,31.10981633,0.516882145,R,dark,PA4_D,1,2
50,PA8,31,A,31.0245102,0.644024318,R,dark,PA8_D,1,2
53,PA12,32,B,32.03116327,0.618397345,R,dark,PA12_D,1,2
54,PA13,32,B,31.99793878,0.619943209,R,dark,PA13_D,1,2
55,PA14,32,B,31.7742449,0.628690122,R,dark,PA14_D,1,2
56,PA16,32,B,32.0297551,0.59213214,R,dark,PA16_D,1,2
57,PA2,32,A,31.84438776,0.866574923,R,dark,PA2_D,1,2
58,PA3,32,A,32.16287755,1.009833612,R,dark,PA3_D,1,2
59,PA4,32,A,32.01844898,0.555705314,R,dark,PA4_D,1,2
60,PA8,32,A,32.06004082,0.731144593,R,dark,PA8_D,1,2
63,PA12,35,B,34.85994737,0.633965417,R,dark,PA12_D,1,2
64,PA13,35,B,35.01483673,0.563829034,R,dark,PA13_D,1,2
65,PA14,35,B,34.80044898,0.620999015,R,dark,PA14_D,1,2
66,PA16,35,B,34.88313158,0.52824606,R,dark,PA16_D,1,2
67,PA2,35,A,34.97332653,0.839983806,R,dark,PA2_D,1,2
68,PA3,35,A,34.99491837,1.171835226,R,dark,PA3_D,1,2
69,PA4,35,A,35.20104082,0.488008773,R,dark,PA4_D,1,2
70,PA8,35,A,35.15008163,0.618353391,R,dark,PA8_D,1,2
73,PA12,36,B,35.6794898,0.661336664,R,dark,PA12_D,1,2
74,PA13,36,B,35.77489796,0.63597499,R,dark,PA13_D,1,2
75,PA14,36,B,35.59146939,0.598650225,R,dark,PA14_D,1,2
76,PA16,36,B,35.58028571,0.482212981,R,dark,PA16_D,1,2
77,PA2,36,A,35.60618367,0.813176042,R,dark,PA2_D,1,2
78,PA3,36,A,35.69236735,1.156545708,R,dark,PA3_D,1,2
79,PA4,36,A,35.89497959,0.46787121,R,dark,PA4_D,1,2
80,PA8,36,A,35.82357143,0.668336145,R,dark,PA8_D,1,2
83,PA12,37,B,36.89930263,0.548355217,R,dark,PA12_D,1,2
84,PA13,37,B,37.00217105,0.454831243,R,dark,PA13_D,1,2
85,PA14,37,B,36.76514667,0.45859304,R,dark,PA14_D,1,2
86,PA16,37,B,36.82774667,0.438882131,R,dark,PA16_D,1,2
87,PA2,37,A,36.80673333,1.043725724,R,dark,PA2_D,1,2
88,PA3,37,A,37.05530667,0.863594779,R,dark,PA3_D,1,2
89,PA4,37,A,37.03093333,0.394549911,R,dark,PA4_D,1,2
90,PA8,37,A,37.07815789,0.53132244,R,dark,PA8_D,1,2
93,PA1,20,A,20.05264706,0.47726964,R,dark,PA1_D,1,1
94,PA10,20,B,20.10456863,0.258348437,R,dark,PA10_D,1,1
95,PA11,20,B,19.92066667,0.215407665,R,dark,PA11_D,1,1
96,PA17,20,B,20.03537255,0.305284584,R,dark,PA17_D,1,1
97,PA18,20,B,20.15972549,0.191137424,R,dark,PA18_D,1,1
98,PA5,20,A,20.07582353,0.413500379,R,dark,PA5_D,1,1
99,PA7,20,A,20.17907843,0.447963343,R,dark,PA7_D,1,1
100,PA9,20,A,20.0512549,0.277928489,R,dark,PA9_D,1,1
103,PA1,24,A,23.94309434,0.549769336,R,dark,PA1_D,1,1
104,PA10,24,B,24.11309259,0.362493165,R,dark,PA10_D,1,1
105,PA11,24,B,24.02803704,0.297008034,R,dark,PA11_D,1,1
106,PA17,24,B,24.05681481,0.362352865,R,dark,PA17_D,1,1
107,PA18,24,B,24.05886792,0.24522477,R,dark,PA18_D,1,1
108,PA5,24,A,23.99368519,0.436409736,R,dark,PA5_D,1,1
109,PA7,24,A,24.03739623,0.506264918,R,dark,PA7_D,1,1
110,PA9,24,A,24.16168519,0.353136045,R,dark,PA9_D,1,1
113,PA1,28,A,27.78253846,0.662855016,R,dark,PA1_D,1,1
114,PA10,28,B,27.95769231,0.414375083,R,dark,PA10_D,1,1
115,PA11,28,B,27.78119231,0.365972485,R,dark,PA11_D,1,1
116,PA17,28,B,27.83378846,0.399274058,R,dark,PA17_D,1,1
117,PA18,28,B,27.97001923,0.309809298,R,dark,PA18_D,1,1
118,PA5,28,A,27.84569231,0.495680697,R,dark,PA5_D,1,1
119,PA7,28,A,27.93388462,0.609823121,R,dark,PA7_D,1,1
120,PA9,28,A,27.98113462,0.425464845,R,dark,PA9_D,1,1
123,PA21,20,B,20.15478,0.347101685,R,dark,PA21_D,2,1
124,PA22,20,B,20.16532,0.287021724,R,dark,PA22_D,2,1
125,PA26,20,B,20.19396,0.309393328,R,dark,PA26_D,2,1
126,PA27,20,B,20.16884,0.285399981,R,dark,PA27_D,2,1
127,PA30,20,A,20.2204,0.305877158,R,dark,PA30_D,2,1
128,PA33,20,A,20.13592,0.293037409,R,dark,PA33_D,2,1
129,PA34,20,A,20.04792,0.242945806,R,dark,PA34_D,2,1
130,PA36,20,A,20.28738,0.25483389,R,dark,PA36_D,2,1
133,PA21,24,B,24.29855102,0.399537532,R,dark,PA21_D,2,1
134,PA22,24,B,24.1857551,0.378437909,R,dark,PA22_D,2,1
135,PA26,24,B,24.13165306,0.38067332,R,dark,PA26_D,2,1
136,PA27,24,B,24.1014898,0.338321662,R,dark,PA27_D,2,1
137,PA30,24,A,24.22353061,0.350112317,R,dark,PA30_D,2,1
138,PA33,24,A,24.3344898,0.280189975,R,dark,PA33_D,2,1
139,PA34,24,A,24.21163265,0.298321032,R,dark,PA34_D,2,1
140,PA36,24,A,24.33638776,0.309624487,R,dark,PA36_D,2,1
143,PA21,28,B,28.2096,0.474843709,R,dark,PA21_D,2,1
144,PA22,28,B,27.91412,0.474215084,R,dark,PA22_D,2,1
145,PA26,28,B,27.93016,0.455932817,R,dark,PA26_D,2,1
146,PA27,28,B,28.008,0.504653047,R,dark,PA27_D,2,1
147,PA30,28,A,27.97638,0.46573879,R,dark,PA30_D,2,1
148,PA33,28,A,28.2557,0.383630166,R,dark,PA33_D,2,1
149,PA34,28,A,28.12614,0.386349188,R,dark,PA34_D,2,1
150,PA36,28,A,28.25014,0.424741958,R,dark,PA36_D,2,1
153,PA21,30,B,30.3385,0.518875778,R,dark,PA21_D,2,1
154,PA22,30,B,29.87498,0.547566946,R,dark,PA22_D,2,1
155,PA26,30,B,29.97152,0.489537794,R,dark,PA26_D,2,1
156,PA27,30,B,29.91548,0.512496088,R,dark,PA27_D,2,1
157,PA30,30,A,29.97252,0.523938566,R,dark,PA30_D,2,1
158,PA33,30,A,30.3714,0.416324223,R,dark,PA33_D,2,1
159,PA34,30,A,30.04572,0.410055161,R,dark,PA34_D,2,1
160,PA36,30,A,30.01612,0.445122355,R,dark,PA36_D,2,1
163,PA21,31,B,31.20328,0.517977513,R,dark,PA21_D,2,1
164,PA22,31,B,31.04894,0.576974728,R,dark,PA22_D,2,1
165,PA26,31,B,31.20568,0.505563941,R,dark,PA26_D,2,1
166,PA27,31,B,31.2857,0.536325061,R,dark,PA27_D,2,1
167,PA30,31,A,31.16784,0.568425488,R,dark,PA30_D,2,1
168,PA33,31,A,31.32956,0.439422401,R,dark,PA33_D,2,1
169,PA34,31,A,30.96708,0.41610786,R,dark,PA34_D,2,1
170,PA36,31,A,31.28202,0.47649491,R,dark,PA36_D,2,1
173,PA21,32,B,31.99644,0.518252708,R,dark,PA21_D,2,1
174,PA22,32,B,31.76492,0.595771609,R,dark,PA22_D,2,1
175,PA26,32,B,31.85066,0.487851171,R,dark,PA26_D,2,1
176,PA27,32,B,31.9528,0.527611947,R,dark,PA27_D,2,1
177,PA30,32,A,31.91164,0.57131611,R,dark,PA30_D,2,1
178,PA33,32,A,31.9887,0.465369134,R,dark,PA33_D,2,1
179,PA34,32,A,31.82342,0.416031097,R,dark,PA34_D,2,1
180,PA36,32,A,31.94222,0.48122503,R,dark,PA36_D,2,1
183,PA21,35,B,34.99292308,0.567440772,R,dark,PA21_D,2,1
184,PA22,35,B,34.70840385,0.680438196,R,dark,PA22_D,2,1
185,PA26,35,B,34.72525,0.571077527,R,dark,PA26_D,2,1
186,PA27,35,B,34.97476923,0.609638846,R,dark,PA27_D,2,1
187,PA30,35,A,34.9515,0.67421819,R,dark,PA30_D,2,1
188,PA33,35,A,34.97775,0.531153654,R,dark,PA33_D,2,1
189,PA34,35,A,34.78163462,0.516652351,R,dark,PA34_D,2,1
190,PA36,35,A,34.94688462,0.592538792,R,dark,PA36_D,2,1
193,PA21,36,B,35.87658,0.434725628,R,dark,PA21_D,2,1
194,PA22,36,B,35.55926,0.637858273,R,dark,PA22_D,2,1
195,PA26,36,B,35.83786,0.499629708,R,dark,PA26_D,2,1
196,PA27,36,B,35.7903,0.510976493,R,dark,PA27_D,2,1
197,PA30,36,A,35.79326,0.576532331,R,dark,PA30_D,2,1
198,PA33,36,A,35.86662,0.413503538,R,dark,PA33_D,2,1
199,PA34,36,A,35.4963,0.426786007,R,dark,PA34_D,2,1
200,PA36,36,A,35.66838,0.414653428,R,dark,PA36_D,2,1
203,PA21,37,B,36.52795918,0.340634979,R,dark,PA21_D,2,1
204,PA22,37,B,36.44187755,0.521700376,R,dark,PA22_D,2,1
205,PA26,37,B,36.6357551,0.395578597,R,dark,PA26_D,2,1
206,PA27,37,B,36.61583673,0.596528589,R,dark,PA27_D,2,1
207,PA30,37,A,36.65157143,0.469189359,R,dark,PA30_D,2,1
208,PA33,37,A,36.69902041,0.360791109,R,dark,PA33_D,2,1
209,PA34,37,A,36.40310204,0.366070481,R,dark,PA34_D,2,1
210,PA36,37,A,36.58902041,0.378770269,R,dark,PA36_D,2,1
213,PA21,38,B,38.4057,0.326954258,R,dark,PA21_D,2,1
214,PA22,38,B,38.1522,0.465934398,R,dark,PA22_D,2,1
215,PA26,38,B,38.30534,0.384403232,R,dark,PA26_D,2,1
216,PA27,38,B,38.13848,0.401862317,R,dark,PA27_D,2,1
217,PA30,38,A,38.02830612,0.438577022,R,dark,PA30_D,2,1
218,PA33,38,A,38.36704082,0.343350298,R,dark,PA33_D,2,1
219,PA34,38,A,37.85987755,0.358773191,R,dark,PA34_D,2,1
220,PA36,38,A,38.24104,0.359631444,R,dark,PA36_D,2,1
223,PA21,39,B,39.194,0.344645902,R,dark,PA21_D,2,1
224,PA22,39,B,38.91247059,0.428159802,R,dark,PA22_D,2,1
225,PA26,39,B,39.17313725,0.385646283,R,dark,PA26_D,2,1
226,PA27,39,B,39.22521569,0.461439378,R,dark,PA27_D,2,1
227,PA30,39,A,39.25354902,0.469145864,R,dark,PA30_D,2,1
228,PA33,39,A,39.18119608,0.365452575,R,dark,PA33_D,2,1
229,PA34,39,A,38.85872549,0.365999787,R,dark,PA34_D,2,1
230,PA36,39,A,38.9657451,0.349547798,R,dark,PA36_D,2,1
233,PA1,30,A,29.69217647,0.74776123,R,dark,PA1_D,1,1
234,PA10,30,B,29.94564706,0.478168558,R,dark,PA10_D,1,1
235,PA11,30,B,29.73227451,0.397147733,R,dark,PA11_D,1,1
236,PA17,30,B,29.91686275,0.461030182,R,dark,PA17_D,1,1
237,PA18,30,B,29.90366667,0.347439357,R,dark,PA18_D,1,1
238,PA5,30,A,29.91623529,0.581793308,R,dark,PA5_D,1,1
239,PA7,30,A,29.88382353,0.600949528,R,dark,PA7_D,1,1
240,PA9,30,A,29.92523529,0.455516828,R,dark,PA9_D,1,1
243,PA1,31,A,30.69484,0.80279509,R,dark,PA1_D,1,1
244,PA10,31,B,31.00364,0.458415632,R,dark,PA10_D,1,1
245,PA11,31,B,30.66804,0.481046756,R,dark,PA11_D,1,1
246,PA17,31,B,30.83758,0.485631773,R,dark,PA17_D,1,1
247,PA18,31,B,30.8624,0.376662238,R,dark,PA18_D,1,1
248,PA5,31,A,30.8151,0.59512272,R,dark,PA5_D,1,1
249,PA7,31,A,30.83028,0.655549634,R,dark,PA7_D,1,1
250,PA9,31,A,30.90862,0.49630478,R,dark,PA9_D,1,1
253,PA1,32,A,31.68907843,0.722844092,R,dark,PA1_D,1,1
254,PA10,32,B,31.7914902,0.526558759,R,dark,PA10_D,1,1
255,PA11,32,B,31.58727451,0.490758199,R,dark,PA11_D,1,1
256,PA17,32,B,31.8562549,0.522161106,R,dark,PA17_D,1,1
257,PA18,32,B,31.90543137,0.378055765,R,dark,PA18_D,1,1
258,PA5,32,A,31.70792157,0.593394001,R,dark,PA5_D,1,1
259,PA7,32,A,31.81964706,0.668962763,R,dark,PA7_D,1,1
260,PA9,32,A,31.72207843,0.525888545,R,dark,PA9_D,1,1
263,PA1,35,A,34.63938776,0.902933858,R,dark,PA1_D,1,1
264,PA10,35,B,34.72469388,0.623054847,R,dark,PA10_D,1,1
265,PA11,35,B,34.58326531,0.56554482,R,dark,PA11_D,1,1
266,PA17,35,B,34.71069388,0.617533681,R,dark,PA17_D,1,1
267,PA18,35,B,34.85273469,0.421207347,R,dark,PA18_D,1,1
268,PA5,35,A,34.73285714,0.760591603,R,dark,PA5_D,1,1
269,PA7,35,A,34.86487755,0.78769502,R,dark,PA7_D,1,1
270,PA9,35,A,34.73702041,0.593730115,R,dark,PA9_D,1,1
273,PA1,39,A,38.9058,0.637972021,R,dark,PA1_D,1,1
274,PA10,39,B,38.93908,0.481147849,R,dark,PA10_D,1,1
275,PA11,39,B,38.95236,0.460638871,R,dark,PA11_D,1,1
276,PA17,39,B,39.12216,0.454205888,R,dark,PA17_D,1,1
277,PA18,39,B,39.0847,0.263521441,R,dark,PA18_D,1,1
278,PA5,39,A,38.91492,0.518326906,R,dark,PA5_D,1,1
279,PA7,39,A,39.01084,0.530662711,R,dark,PA7_D,1,1
280,PA9,39,A,39.07954,0.466386097,R,dark,PA9_D,1,1
283,PA19,20,B,20.048,0.347811405,R,dark,PA19_D,2,2
284,PA20,20,B,20.02704082,0.355418426,R,dark,PA20_D,2,2
285,PA23,20,B,20.19836735,0.334463081,R,dark,PA23_D,2,2
286,PA25,20,B,20.04830612,0.399993416,R,dark,PA25_D,2,2
287,PA29,20,A,20.03569388,0.283835601,R,dark,PA29_D,2,2
288,PA31,20,A,20.17189796,0.344074953,R,dark,PA31_D,2,2
289,PA32,20,A,20.03732653,0.516406807,R,dark,PA32_D,2,2
290,PA35,20,A,20.12353061,0.354917235,R,dark,PA35_D,2,2
293,PA19,24,B,23.65065306,0.44388157,R,dark,PA19_D,2,2
294,PA20,24,B,24.34567347,0.486575054,R,dark,PA20_D,2,2
295,PA23,24,B,24.0165102,0.417705679,R,dark,PA23_D,2,2
296,PA25,24,B,24.42393878,0.489565082,R,dark,PA25_D,2,2
297,PA29,24,A,24.14516327,0.411907342,R,dark,PA29_D,2,2
298,PA31,24,A,24.00614286,0.439660242,R,dark,PA31_D,2,2
299,PA32,24,A,24.01810204,0.72418427,R,dark,PA32_D,2,2
300,PA35,24,A,24.28514286,0.411098262,R,dark,PA35_D,2,2
303,PA19,28,B,27.79206122,0.545696867,R,dark,PA19_D,2,2
304,PA20,28,B,28.00426531,0.574529748,R,dark,PA20_D,2,2
305,PA23,28,B,27.94738776,0.509522235,R,dark,PA23_D,2,2
306,PA25,28,B,28.04969388,0.600618258,R,dark,PA25_D,2,2
307,PA29,28,A,28.09777551,0.599181532,R,dark,PA29_D,2,2
308,PA31,28,A,27.92385714,0.567094304,R,dark,PA31_D,2,2
309,PA32,28,A,27.98079592,0.853129196,R,dark,PA32_D,2,2
310,PA35,28,A,28.04385714,0.546685635,R,dark,PA35_D,2,2
313,PA19,30,B,29.7675102,0.582857296,R,dark,PA19_D,2,2
314,PA20,30,B,29.96014286,0.593634704,R,dark,PA20_D,2,2
315,PA23,30,B,29.90289796,0.56418042,R,dark,PA23_D,2,2
316,PA25,30,B,30.02918367,0.649622357,R,dark,PA25_D,2,2
317,PA29,30,A,29.99914286,0.633958213,R,dark,PA29_D,2,2
318,PA31,30,A,29.87036735,0.615277561,R,dark,PA31_D,2,2
319,PA32,30,A,29.92806122,0.875662294,R,dark,PA32_D,2,2
320,PA35,30,A,29.97985714,0.550733353,R,dark,PA35_D,2,2
323,PA19,31,B,30.70867347,0.586086275,R,dark,PA19_D,2,2
324,PA20,31,B,30.8647,0.607607312,R,dark,PA20_D,2,2
325,PA23,31,B,30.89852,0.588106826,R,dark,PA23_D,2,2
326,PA25,31,B,30.89784,0.620570839,R,dark,PA25_D,2,2
327,PA29,31,A,30.87338,0.665776947,R,dark,PA29_D,2,2
328,PA31,31,A,30.75814,0.629962385,R,dark,PA31_D,2,2
329,PA32,31,A,30.83526,0.870220783,R,dark,PA32_D,2,2
330,PA35,31,A,30.94914,0.572614192,R,dark,PA35_D,2,2
333,PA19,32,B,31.79810204,0.597997086,R,dark,PA19_D,2,2
334,PA20,32,B,31.92320408,0.636723689,R,dark,PA20_D,2,2
335,PA23,32,B,31.97571429,0.57994475,R,dark,PA23_D,2,2
336,PA25,32,B,32.06397959,0.649037847,R,dark,PA25_D,2,2
337,PA29,32,A,32.03477551,0.657860023,R,dark,PA29_D,2,2
338,PA31,32,A,31.86640816,0.628365869,R,dark,PA31_D,2,2
339,PA32,32,A,31.89142857,0.882470885,R,dark,PA32_D,2,2
340,PA35,32,A,32.038,0.583574732,R,dark,PA35_D,2,2
343,PA19,35,B,34.73572549,0.694592468,R,dark,PA19_D,2,2
344,PA20,35,B,35.01941176,0.76249036,R,dark,PA20_D,2,2
345,PA23,35,B,35.11209804,0.701480551,R,dark,PA23_D,2,2
346,PA25,35,B,35.18629412,0.84523863,R,dark,PA25_D,2,2
347,PA29,35,A,35.10415686,0.748325043,R,dark,PA29_D,2,2
348,PA31,35,A,34.80321569,0.752042009,R,dark,PA31_D,2,2
349,PA32,35,A,34.91486275,1.015509773,R,dark,PA32_D,2,2
350,PA35,35,A,35.17739216,0.665333141,R,dark,PA35_D,2,2
353,PA19,36,B,35.80262,0.59963435,R,dark,PA19_D,2,2
354,PA20,36,B,35.96202,0.637813434,R,dark,PA20_D,2,2
355,PA23,36,B,36.06802,0.599914805,R,dark,PA23_D,2,2
356,PA25,36,B,35.82484,0.640756692,R,dark,PA25_D,2,2
357,PA29,36,A,35.84802,0.623540978,R,dark,PA29_D,2,2
358,PA31,36,A,35.75974,0.680807387,R,dark,PA31_D,2,2
359,PA32,36,A,35.72574,0.915283811,R,dark,PA32_D,2,2
360,PA35,36,A,36.0999,0.552748601,R,dark,PA35_D,2,2
363,PA19,37,B,36.81607018,0.452354477,R,dark,PA19_D,2,2
364,PA20,37,B,37.01477193,0.503552034,R,dark,PA20_D,2,2
365,PA23,37,B,37.01189474,0.457801748,R,dark,PA23_D,2,2
366,PA25,37,B,36.977,0.488272789,R,dark,PA25_D,2,2
367,PA29,37,A,37.01515789,0.556894776,R,dark,PA29_D,2,2
368,PA31,37,A,36.76726316,0.490372112,R,dark,PA31_D,2,2
369,PA32,37,A,36.90392982,0.709785393,R,dark,PA32_D,2,2
370,PA35,37,A,37.06145614,0.473286067,R,dark,PA35_D,2,2
373,PA19,38,B,37.96961404,0.422796737,R,dark,PA19_D,2,2
374,PA20,38,B,38.12521053,0.476292187,R,dark,PA20_D,2,2
375,PA23,38,B,38.1765,0.440430807,R,dark,PA23_D,2,2
376,PA25,38,B,38.12761404,0.420007204,R,dark,PA25_D,2,2
377,PA29,38,A,38.11964912,0.490287252,R,dark,PA29_D,2,2
378,PA31,38,A,37.96280702,0.484809146,R,dark,PA31_D,2,2
379,PA32,38,A,38.1342807,0.658190997,R,dark,PA32_D,2,2
380,PA35,38,A,38.20936842,0.465396892,R,dark,PA35_D,2,2
383,PA19,39,B,38.93455102,0.366746298,R,dark,PA19_D,2,2
384,PA20,39,B,39.03267347,0.434759874,R,dark,PA20_D,2,2
385,PA23,39,B,39.06142857,0.402239588,R,dark,PA23_D,2,2
386,PA25,39,B,39.06714286,0.405015608,R,dark,PA25_D,2,2
387,PA29,39,A,39.02561224,0.40518298,R,dark,PA29_D,2,2
388,PA31,39,A,38.82412245,0.471916852,R,dark,PA31_D,2,2
389,PA32,39,A,38.9957551,0.638085518,R,dark,PA32_D,2,2
390,PA35,39,A,39.06853061,0.453799907,R,dark,PA35_D,2,2
393,PA19,40,B,40.03804167,0.34803219,R,dark,PA19_D,2,2
394,PA20,40,B,40.1696875,0.420405508,R,dark,PA20_D,2,2
395,PA23,40,B,40.19183333,0.391150607,R,dark,PA23_D,2,2
396,PA25,40,B,40.15775,0.407789323,R,dark,PA25_D,2,2
397,PA29,40,A,40.15747917,0.3658877,R,dark,PA29_D,2,2
398,PA31,40,A,39.81941667,0.475144982,R,dark,PA31_D,2,2
399,PA32,40,A,39.896,0.6559734,R,dark,PA32_D,2,2
400,PA35,40,A,40.12535417,0.459509374,R,dark,PA35_D,2,2
403,PA37,20,A,19.9512449,0.464532169,R,dark,PA37_D,3,1
404,PA39,20,A,20.09053061,0.400146318,R,dark,PA39_D,3,1
405,PA41,20,A,20.16171429,0.270486579,R,dark,PA41_D,3,1
406,PA42,20,A,20.195,0.449100682,R,dark,PA42_D,3,1
407,PA46,20,B,20.2742449,0.267845907,R,dark,PA46_D,3,1
408,PA49,20,B,20.04730612,0.20492513,R,dark,PA49_D,3,1
409,PA50,20,B,20.06561224,0.156267429,R,dark,PA50_D,3,1
410,PA53,20,B,20.2747551,0.374707529,R,dark,PA53_D,3,1
413,PA37,24,A,24.03372,0.629130753,R,dark,PA37_D,3,1
414,PA39,24,A,24.24206,0.571893192,R,dark,PA39_D,3,1
415,PA41,24,A,24.28254,0.385788612,R,dark,PA41_D,3,1
416,PA42,24,A,24.08602,0.568150523,R,dark,PA42_D,3,1
417,PA46,24,B,24.34868,0.391212276,R,dark,PA46_D,3,1
418,PA49,24,B,24.22516,0.314862774,R,dark,PA49_D,3,1
419,PA50,24,B,24.26152,0.221889664,R,dark,PA50_D,3,1
420,PA53,24,B,24.19022,0.429933136,R,dark,PA53_D,3,1
423,PA37,28,A,28.01955102,0.725602823,R,dark,PA37_D,3,1
424,PA39,28,A,28.11057143,0.641264988,R,dark,PA39_D,3,1
425,PA41,28,A,28.19942857,0.467630185,R,dark,PA41_D,3,1
426,PA42,28,A,28.14255102,0.632015666,R,dark,PA42_D,3,1
427,PA46,28,B,28.09334694,0.439909206,R,dark,PA46_D,3,1
428,PA49,28,B,28.10267347,0.358799096,R,dark,PA49_D,3,1
429,PA50,28,B,28.17944898,0.264333826,R,dark,PA50_D,3,1
430,PA53,28,B,28.26714286,0.520155114,R,dark,PA53_D,3,1
433,PA37,30,A,29.87322449,0.74915659,R,dark,PA37_D,3,1
434,PA39,30,A,29.99967347,0.649562748,R,dark,PA39_D,3,1
435,PA41,30,A,30.08026531,0.513089715,R,dark,PA41_D,3,1
436,PA42,30,A,30.0557551,0.664669133,R,dark,PA42_D,3,1
437,PA46,30,B,30.04555102,0.472547303,R,dark,PA46_D,3,1
438,PA49,30,B,29.87822449,0.381935393,R,dark,PA49_D,3,1
439,PA50,30,B,30.03465306,0.298704125,R,dark,PA50_D,3,1
440,PA53,30,B,30.10046939,0.555167578,R,dark,PA53_D,3,1
443,PA37,31,A,30.8932449,0.782177617,R,dark,PA37_D,3,1
444,PA39,31,A,31.06857143,0.678650309,R,dark,PA39_D,3,1
445,PA41,31,A,31.10312245,0.527622967,R,dark,PA41_D,3,1
446,PA42,31,A,31.08534694,0.702013356,R,dark,PA42_D,3,1
447,PA46,31,B,31.01461224,0.483079947,R,dark,PA46_D,3,1
448,PA49,31,B,30.80665306,0.392495182,R,dark,PA49_D,3,1
449,PA50,31,B,30.99728571,0.303913194,R,dark,PA50_D,3,1
450,PA53,31,B,31.13438776,0.577639908,R,dark,PA53_D,3,1
453,PA37,32,A,31.7825102,0.806868726,R,dark,PA37_D,3,1
454,PA39,32,A,31.94344898,0.712853401,R,dark,PA39_D,3,1
455,PA41,32,A,31.95359184,0.548684344,R,dark,PA41_D,3,1
456,PA42,32,A,31.97957143,0.711458719,R,dark,PA42_D,3,1
457,PA46,32,B,31.9245102,0.492946046,R,dark,PA46_D,3,1
458,PA49,32,B,31.75961224,0.417308061,R,dark,PA49_D,3,1
459,PA50,32,B,31.84473469,0.30537637,R,dark,PA50_D,3,1
460,PA53,32,B,31.97975,0.593976852,R,dark,PA53_D,3,1
463,PA37,35,A,34.74083673,1.003389942,R,dark,PA37_D,3,1
464,PA39,35,A,34.75618367,0.941590986,R,dark,PA39_D,3,1
465,PA41,35,A,34.82557143,0.704745683,R,dark,PA41_D,3,1
466,PA42,35,A,34.62236735,0.880248222,R,dark,PA42_D,3,1
467,PA46,35,B,34.96034694,0.678876777,R,dark,PA46_D,3,1
468,PA49,35,B,34.56161224,0.518876985,R,dark,PA49_D,3,1
469,PA50,35,B,34.86744898,0.373685267,R,dark,PA50_D,3,1
470,PA53,35,B,34.83532653,0.667114467,R,dark,PA53_D,3,1
473,PA37,36,A,35.77438776,0.829544032,R,dark,PA37_D,3,1
474,PA39,36,A,35.82297959,0.830916955,R,dark,PA39_D,3,1
475,PA41,36,A,35.92218367,0.643573429,R,dark,PA41_D,3,1
476,PA42,36,A,35.88120408,0.791504319,R,dark,PA42_D,3,1
477,PA46,36,B,35.92144898,0.680803815,R,dark,PA46_D,3,1
478,PA49,36,B,35.75544898,0.499121576,R,dark,PA49_D,3,1
479,PA50,36,B,35.89065306,0.323841808,R,dark,PA50_D,3,1
480,PA53,36,B,35.95912245,0.59628031,R,dark,PA53_D,3,1
483,PA37,37,A,36.61769388,0.697014427,R,dark,PA37_D,3,1
484,PA39,37,A,36.62640816,0.739813019,R,dark,PA39_D,3,1
485,PA41,37,A,36.66638776,0.565554362,R,dark,PA41_D,3,1
486,PA42,37,A,36.66946939,0.659632614,R,dark,PA42_D,3,1
487,PA46,37,B,36.5204898,0.623033476,R,dark,PA46_D,3,1
488,PA49,37,B,36.66544898,0.476327351,R,dark,PA49_D,3,1
489,PA50,37,B,36.53287755,0.336677557,R,dark,PA50_D,3,1
490,PA53,37,B,36.6317551,0.555514166,R,dark,PA53_D,3,1
493,PA37,38,A,37.83008163,0.574082393,R,dark,PA37_D,3,1
494,PA39,38,A,38.00983673,0.632868907,R,dark,PA39_D,3,1
495,PA41,38,A,38.03112245,0.490567659,R,dark,PA41_D,3,1
496,PA42,38,A,37.98328571,0.556950071,R,dark,PA42_D,3,1
497,PA46,38,B,38.00683673,0.502768207,R,dark,PA46_D,3,1
498,PA49,38,B,37.72820408,0.456422142,R,dark,PA49_D,3,1
499,PA50,38,B,38.00083673,0.290806982,R,dark,PA50_D,3,1
500,PA53,38,B,38.05928571,0.426422655,R,dark,PA53_D,3,1
503,PA37,39,A,38.857,0.568418565,R,dark,PA37_D,3,1
504,PA39,39,A,39.07834694,0.658905889,R,dark,PA39_D,3,1
505,PA41,39,A,39.16779592,0.546741465,R,dark,PA41_D,3,1
506,PA42,39,A,38.99706122,0.580330844,R,dark,PA42_D,3,1
507,PA46,39,B,39.11091837,0.541858405,R,dark,PA46_D,3,1
508,PA49,39,B,38.8624898,0.436271266,R,dark,PA49_D,3,1
509,PA50,39,B,39.04669388,0.288496133,R,dark,PA50_D,3,1
510,PA53,39,B,39.16491837,0.483187915,R,dark,PA53_D,3,1
513,PA37,40,A,39.84928571,0.558371956,R,dark,PA37_D,3,1
514,PA39,40,A,39.99920408,0.59188004,R,dark,PA39_D,3,1
515,PA41,40,A,40.10506122,0.514454456,R,dark,PA41_D,3,1
516,PA42,40,A,40.0224898,0.542184771,R,dark,PA42_D,3,1
517,PA46,40,B,39.9627551,0.480833992,R,dark,PA46_D,3,1
518,PA49,40,B,39.81242857,0.393339793,R,dark,PA49_D,3,1
519,PA50,40,B,40.02716327,0.257256534,R,dark,PA50_D,3,1
520,PA53,40,B,40.09183673,0.410999484,R,dark,PA53_D,3,1
523,PA38,20,A,20.14810204,0.27626055,R,dark,PA38_D,3,2
524,PA40,20,A,19.92120408,0.279862006,R,dark,PA40_D,3,2
525,PA43,20,A,20.01846939,0.384769368,R,dark,PA43_D,3,2
526,PA45,20,A,20.18602041,0.368955271,R,dark,PA45_D,3,2
527,PA48,20,B,20.15318367,0.369634587,R,dark,PA48_D,3,2
528,PA51,20,B,20.11130612,0.23167846,R,dark,PA51_D,3,2
529,PA52,20,B,20.18204082,0.290162389,R,dark,PA52_D,3,2
530,PA54,20,B,20.1004898,0.248675532,R,dark,PA54_D,3,2
533,PA38,24,A,24.537,0.405162864,R,dark,PA38_D,3,2
534,PA40,24,A,24.30553061,0.428645274,R,dark,PA40_D,3,2
535,PA43,24,A,24.39346939,0.474111639,R,dark,PA43_D,3,2
536,PA45,24,A,24.23238776,0.499524703,R,dark,PA45_D,3,2
537,PA48,24,B,24.28022449,0.46600736,R,dark,PA48_D,3,2
538,PA51,24,B,24.1537551,0.258409139,R,dark,PA51_D,3,2
539,PA52,24,B,24.31502041,0.318161309,R,dark,PA52_D,3,2
540,PA54,24,B,24.26061224,0.351854491,R,dark,PA54_D,3,2
543,PA38,28,A,28.31016327,0.488532213,R,dark,PA38_D,3,2
544,PA40,28,A,28.20155102,0.477960157,R,dark,PA40_D,3,2
545,PA43,28,A,28.32920408,0.545157312,R,dark,PA43_D,3,2
546,PA45,28,A,28.18416327,0.604924362,R,dark,PA45_D,3,2
547,PA48,28,B,28.28581633,0.573717664,R,dark,PA48_D,3,2
548,PA51,28,B,28.05929167,0.312499565,R,dark,PA51_D,3,2
549,PA52,28,B,28.25022449,0.421436292,R,dark,PA52_D,3,2
550,PA54,28,B,28.11793878,0.422822212,R,dark,PA54_D,3,2
553,PA38,30,A,30.18606,0.536593849,R,dark,PA38_D,3,2
554,PA40,30,A,29.9659,0.488658667,R,dark,PA40_D,3,2
555,PA43,30,A,30.1125,0.586073295,R,dark,PA43_D,3,2
556,PA45,30,A,29.9535,0.597929659,R,dark,PA45_D,3,2
557,PA48,30,B,30.13182,0.595932798,R,dark,PA48_D,3,2
558,PA51,30,B,29.94516,0.340070047,R,dark,PA51_D,3,2
559,PA52,30,B,30.20144,0.457830658,R,dark,PA52_D,3,2
560,PA54,30,B,30.02478,0.473289713,R,dark,PA54_D,3,2
563,PA38,31,A,31.25522449,0.549804158,R,dark,PA38_D,3,2
564,PA40,31,A,31.02173469,0.50099695,R,dark,PA40_D,3,2
565,PA43,31,A,31.13963265,0.577099554,R,dark,PA43_D,3,2
566,PA45,31,A,31.04128571,0.626137024,R,dark,PA45_D,3,2
567,PA48,31,B,31.14626531,0.588200191,R,dark,PA48_D,3,2
568,PA51,31,B,30.99046939,0.340614188,R,dark,PA51_D,3,2
569,PA52,31,B,31.32561224,0.475910234,R,dark,PA52_D,3,2
570,PA54,31,B,31.12302041,0.494104972,R,dark,PA54_D,3,2
573,PA38,32,A,32.02934694,0.548839279,R,dark,PA38_D,3,2
574,PA40,32,A,31.80738776,0.516316043,R,dark,PA40_D,3,2
575,PA43,32,A,31.89030612,0.60002492,R,dark,PA43_D,3,2
576,PA45,32,A,31.81059184,0.610442693,R,dark,PA45_D,3,2
577,PA48,32,B,31.97555102,0.583934084,R,dark,PA48_D,3,2
578,PA51,32,B,31.74463265,0.337435794,R,dark,PA51_D,3,2
579,PA52,32,B,32.13012245,0.487757591,R,dark,PA52_D,3,2
580,PA54,32,B,31.86028571,0.493456367,R,dark,PA54_D,3,2
583,PA38,35,A,34.95391837,0.739335311,R,dark,PA38_D,3,2
584,PA40,35,A,34.69306122,0.640715938,R,dark,PA40_D,3,2
585,PA43,35,A,34.88134694,0.772467592,R,dark,PA43_D,3,2
586,PA45,35,A,34.81877551,0.804435201,R,dark,PA45_D,3,2
587,PA48,35,B,34.96606122,0.74635787,R,dark,PA48_D,3,2
588,PA51,35,B,34.73373469,0.488580222,R,dark,PA51_D,3,2
589,PA52,35,B,35.09655102,0.584149613,R,dark,PA52_D,3,2
590,PA54,35,B,34.83453061,0.597784208,R,dark,PA54_D,3,2
593,PA38,36,A,36.17981633,0.628764423,R,dark,PA38_D,3,2
594,PA40,36,A,35.86455102,0.603105502,R,dark,PA40_D,3,2
595,PA43,36,A,36.13947917,0.696305341,R,dark,PA43_D,3,2
596,PA45,36,A,35.84722449,0.752012453,R,dark,PA45_D,3,2
597,PA48,36,B,36.00734694,0.713084914,R,dark,PA48_D,3,2
598,PA51,36,B,35.75160417,0.414794856,R,dark,PA51_D,3,2
599,PA52,36,B,36.19628571,0.545618561,R,dark,PA52_D,3,2
600,PA54,36,B,36.06967347,0.569218251,R,dark,PA54_D,3,2
603,PA38,37,A,36.92165306,0.525575728,R,dark,PA38_D,3,2
604,PA40,37,A,36.73087755,0.54603222,R,dark,PA40_D,3,2
605,PA43,37,A,36.87422449,0.602616497,R,dark,PA43_D,3,2
606,PA45,37,A,36.7264898,0.646441632,R,dark,PA45_D,3,2
607,PA48,37,B,36.80502041,0.646039617,R,dark,PA48_D,3,2
608,PA51,37,B,36.667875,0.374184725,R,dark,PA51_D,3,2
609,PA52,37,B,37.01722449,0.483493276,R,dark,PA52_D,3,2
610,PA54,37,B,36.79706122,0.493683312,R,dark,PA54_D,3,2
613,PA38,38,A,38.203,0.451858082,R,dark,PA38_D,3,2
614,PA40,38,A,38.01467347,0.497014038,R,dark,PA40_D,3,2
615,PA43,38,A,38.08783333,0.512508997,R,dark,PA43_D,3,2
616,PA45,38,A,38.19704082,0.614815163,R,dark,PA45_D,3,2
617,PA48,38,B,38.21889796,0.553007166,R,dark,PA48_D,3,2
618,PA51,38,B,38.13127083,0.335967534,R,dark,PA51_D,3,2
619,PA52,38,B,38.24516327,0.387823133,R,dark,PA52_D,3,2
620,PA54,38,B,37.97528571,0.458400206,R,dark,PA54_D,3,2
623,PA38,39,A,38.94491837,0.449593976,R,dark,PA38_D,3,2
624,PA40,39,A,38.87146939,0.46516601,R,dark,PA40_D,3,2
625,PA43,39,A,39.13440816,0.499307559,R,dark,PA43_D,3,2
626,PA45,39,A,39.12979592,0.431141867,R,dark,PA45_D,3,2
627,PA48,39,B,39.13022449,0.529905364,R,dark,PA48_D,3,2
628,PA51,39,B,39.068875,0.470253754,R,dark,PA51_D,3,2
629,PA52,39,B,39.06602041,0.3725933,R,dark,PA52_D,3,2
630,PA54,39,B,38.75569388,0.410636548,R,dark,PA54_D,3,2
633,PA38,40,A,40.11952083,0.426708731,R,dark,PA38_D,3,2
634,PA40,40,A,39.9475625,0.476617017,R,dark,PA40_D,3,2
635,PA43,40,A,40.16385417,0.507930383,R,dark,PA43_D,3,2
636,PA45,40,A,40.125375,0.600472893,R,dark,PA45_D,3,2
637,PA48,40,B,40.19527083,0.493787052,R,dark,PA48_D,3,2
638,PA51,40,B,40.12729167,0.340063923,R,dark,PA51_D,3,2
639,PA52,40,B,40.14104167,0.377594946,R,dark,PA52_D,3,2
640,PA54,40,B,39.86389583,0.415616632,R,dark,PA54_D,3,2
643,PA1,20,A,20.17070115,0.447550268,NP,light,PA1_L,1,1
644,PA10,20,B,20.37197126,0.390238141,NP,light,PA10_L,1,1
645,PA11,20,B,20.09817816,0.417668365,NP,light,PA11_L,1,1
646,PA17,20,B,20.06635632,0.410998275,NP,light,PA17_L,1,1
647,PA18,20,B,20.02918966,0.458592605,NP,light,PA18_L,1,1
648,PA5,20,A,19.89886286,0.471631922,NP,light,PA5_L,1,1
649,PA7,20,A,19.99338506,0.465490343,NP,light,PA7_L,1,1
650,PA9,20,A,20.10325434,0.53509412,NP,light,PA9_L,1,1
653,PA1,24,A,24.10565497,0.792117883,NP,light,PA1_L,1,1
654,PA10,24,B,24.21588304,0.626743696,NP,light,PA10_L,1,1
655,PA11,24,B,24.15376608,0.688498789,NP,light,PA11_L,1,1
656,PA17,24,B,24.21316959,0.642373704,NP,light,PA17_L,1,1
657,PA18,24,B,24.07412281,0.525988605,NP,light,PA18_L,1,1
658,PA5,24,A,24.01360819,0.864981824,NP,light,PA5_L,1,1
659,PA7,24,A,24.1205614,0.846421434,NP,light,PA7_L,1,1
660,PA9,24,A,24.14092982,0.736472886,NP,light,PA9_L,1,1
663,PA1,28,A,28.06407558,0.972373876,NP,light,PA1_L,1,1
664,PA10,28,B,28.19164912,0.604004286,NP,light,PA10_L,1,1
665,PA11,28,B,28.12794186,0.786180148,NP,light,PA11_L,1,1
666,PA17,28,B,28.13406977,0.600121405,NP,light,PA17_L,1,1
667,PA18,28,B,27.95438372,0.543722161,NP,light,PA18_L,1,1
668,PA5,28,A,27.92143275,0.95171876,NP,light,PA5_L,1,1
669,PA7,28,A,28.07990698,0.947787511,NP,light,PA7_L,1,1
670,PA9,28,A,28.08526163,0.802584472,NP,light,PA9_L,1,1
673,PA1,30,A,29.95663584,1.028898678,NP,light,PA1_L,1,1
674,PA10,30,B,30.03583815,0.521893818,NP,light,PA10_L,1,1
675,PA11,30,B,30.02431214,0.48687074,NP,light,PA11_L,1,1
676,PA17,30,B,30.13262428,0.759895102,NP,light,PA17_L,1,1
677,PA18,30,B,29.85708671,0.515503169,NP,light,PA18_L,1,1
678,PA5,30,A,29.94267052,0.922089125,NP,light,PA5_L,1,1
679,PA7,30,A,30.10497688,0.93584595,NP,light,PA7_L,1,1
680,PA9,30,A,30.09991908,0.86446848,NP,light,PA9_L,1,1
683,PA1,31,A,31.00836047,0.881175353,NP,light,PA1_L,1,1
684,PA10,31,B,31.10415698,0.543575214,NP,light,PA10_L,1,1
685,PA11,31,B,31.08597093,0.635011074,NP,light,PA11_L,1,1
686,PA17,31,B,31.07215116,0.706033622,NP,light,PA17_L,1,1
687,PA18,31,B,30.86296512,0.451834562,NP,light,PA18_L,1,1
688,PA5,31,A,30.84476163,0.966980365,NP,light,PA5_L,1,1
689,PA7,31,A,31.01393023,0.95145531,NP,light,PA7_L,1,1
690,PA9,31,A,31.03061047,0.759928533,NP,light,PA9_L,1,1
693,PA1,32,A,31.97011765,0.902211536,NP,light,PA1_L,1,1
694,PA10,32,B,32.07291228,0.45474411,NP,light,PA10_L,1,1
695,PA11,32,B,32.02361176,0.464198037,NP,light,PA11_L,1,1
696,PA17,32,B,32.00575882,0.630264739,NP,light,PA17_L,1,1
697,PA18,32,B,31.8937,0.454561603,NP,light,PA18_L,1,1
698,PA5,32,A,31.81361765,0.853065186,NP,light,PA5_L,1,1
699,PA7,32,A,31.97315882,0.740254193,NP,light,PA7_L,1,1
700,PA9,32,A,31.99447059,0.64146341,NP,light,PA9_L,1,1
703,PA1,35,A,34.82716185,0.423817819,NP,light,PA1_L,1,1
704,PA10,35,B,34.90176023,0.236635018,NP,light,PA10_L,1,1
705,PA11,35,B,34.94622093,0.339938526,NP,light,PA11_L,1,1
706,PA17,35,B,34.91821512,0.428826263,NP,light,PA17_L,1,1
707,PA18,35,B,34.63614535,0.20705331,NP,light,PA18_L,1,1
708,PA5,35,A,34.71423256,0.643172587,NP,light,PA5_L,1,1
709,PA7,35,A,34.94131977,0.703351821,NP,light,PA7_L,1,1
710,PA9,35,A,34.94620349,0.434824234,NP,light,PA9_L,1,1
713,PA1,37,A,36.82893548,0.184044063,NP,light,PA1_L,1,1
714,PA10,37,B,36.88873514,-0.02193539,NP,light,PA10_L,1,1
715,PA11,37,B,36.88953226,-0.02052853,NP,light,PA11_L,1,1
716,PA17,37,B,36.8237043,0.171135758,NP,light,PA17_L,1,1
717,PA18,37,B,36.59640541,-0.01749948,NP,light,PA18_L,1,1
718,PA5,37,A,36.66251075,-0.006221336,NP,light,PA5_L,1,1
719,PA7,37,A,36.86408065,0.211192039,NP,light,PA7_L,1,1
720,PA9,37,A,36.88604839,0.013066449,NP,light,PA9_L,1,1
723,PA12,20,B,20.37640116,0.40906454,NP,light,PA12_L,1,2
724,PA13,20,B,20.17709302,0.580371461,NP,light,PA13_L,1,2
725,PA14,20,B,20.3564593,0.542507379,NP,light,PA14_L,1,2
726,PA16,20,B,20.30690116,0.519695935,NP,light,PA16_L,1,2
727,PA2,20,A,20.44495349,0.705120486,NP,light,PA2_L,1,2
728,PA3,20,A,20.28545349,0.412574212,NP,light,PA3_L,1,2
729,PA4,20,A,20.46962209,0.719122686,NP,light,PA4_L,1,2
730,PA8,20,A,20.29160465,0.824630335,NP,light,PA8_L,1,2
733,PA12,24,B,24.35952632,0.608266168,NP,light,PA12_L,1,2
734,PA13,24,B,24.11290643,0.719234913,NP,light,PA13_L,1,2
735,PA14,24,B,24.41336842,0.787703977,NP,light,PA14_L,1,2
736,PA16,24,B,24.35099415,0.750382671,NP,light,PA16_L,1,2
737,PA2,24,A,24.39584211,0.913081985,NP,light,PA2_L,1,2
738,PA3,24,A,24.19207018,1.059383275,NP,light,PA3_L,1,2
739,PA4,24,A,24.39893567,0.863429349,NP,light,PA4_L,1,2
740,PA8,24,A,24.12948538,1.116566471,NP,light,PA8_L,1,2
743,PA12,28,B,28.08178857,0.640028003,NP,light,PA12_L,1,2
744,PA13,28,B,27.96366286,0.90589791,NP,light,PA13_L,1,2
745,PA14,28,B,28.12176571,1.000817025,NP,light,PA14_L,1,2
746,PA16,28,B,28.11358286,0.823353069,NP,light,PA16_L,1,2
747,PA2,28,A,28.14292571,1.045715142,NP,light,PA2_L,1,2
748,PA3,28,A,27.96770857,1.248074496,NP,light,PA3_L,1,2
749,PA4,28,A,28.17039429,1.013635543,NP,light,PA4_L,1,2
750,PA8,28,A,27.92330286,1.323591151,NP,light,PA8_L,1,2
753,PA12,30,B,30.16444767,0.766390538,NP,light,PA12_L,1,2
754,PA13,30,B,30.11423256,0.947535902,NP,light,PA13_L,1,2
755,PA14,30,B,30.11465116,0.750702747,NP,light,PA14_L,1,2
756,PA16,30,B,29.93415698,0.746707886,NP,light,PA16_L,1,2
757,PA2,30,A,30.00480814,1.231696286,NP,light,PA2_L,1,2
758,PA3,30,A,29.88919186,1.24276567,NP,light,PA3_L,1,2
759,PA4,30,A,30.10363953,1.120756809,NP,light,PA4_L,1,2
760,PA8,30,A,30.03528488,1.485307235,NP,light,PA8_L,1,2
763,PA12,31,B,31.15991765,0.757885255,NP,light,PA12_L,1,2
764,PA13,31,B,31.09398824,0.692603061,NP,light,PA13_L,1,2
765,PA14,31,B,31.06541176,0.870478215,NP,light,PA14_L,1,2
766,PA16,31,B,30.89661765,0.715948604,NP,light,PA16_L,1,2
767,PA2,31,A,30.95234706,1.242467322,NP,light,PA2_L,1,2
768,PA3,31,A,30.86668235,1.255566209,NP,light,PA3_L,1,2
769,PA4,31,A,31.16964706,1.052015614,NP,light,PA4_L,1,2
770,PA8,31,A,31.10815882,1.47244181,NP,light,PA8_L,1,2
773,PA12,32,B,32.02412791,0.733516964,NP,light,PA12_L,1,2
774,PA13,32,B,32.12996512,0.791652106,NP,light,PA13_L,1,2
775,PA14,32,B,31.99684884,0.867503715,NP,light,PA14_L,1,2
776,PA16,32,B,31.79372674,0.682236425,NP,light,PA16_L,1,2
777,PA2,32,A,31.88818023,1.223558094,NP,light,PA2_L,1,2
778,PA3,32,A,31.83513953,1.104976659,NP,light,PA3_L,1,2
779,PA4,32,A,32.16505233,0.83308359,NP,light,PA4_L,1,2
780,PA8,32,A,32.13693605,0.924910266,NP,light,PA8_L,1,2
783,PA12,35,B,34.73368,0.49145913,NP,light,PA12_L,1,2
784,PA13,35,B,34.9698,0.602378156,NP,light,PA13_L,1,2
785,PA14,35,B,34.71679429,0.620620806,NP,light,PA14_L,1,2
786,PA16,35,B,34.54808824,0.369788776,NP,light,PA16_L,1,2
787,PA2,35,A,34.49654286,0.852748234,NP,light,PA2_L,1,2
788,PA3,35,A,34.50155882,0.724412391,NP,light,PA3_L,1,2
789,PA4,35,A,34.78784,0.635880533,NP,light,PA4_L,1,2
790,PA8,35,A,34.76042857,0.675519225,NP,light,PA8_L,1,2
793,PA12,37,B,36.73925731,0.213831145,NP,light,PA12_L,1,2
794,PA13,37,B,36.95614118,0.276835315,NP,light,PA13_L,1,2
795,PA14,37,B,36.76209942,0.122267797,NP,light,PA14_L,1,2
796,PA16,37,B,36.46969591,0.126993591,NP,light,PA16_L,1,2
797,PA2,37,A,36.64124561,0.068438068,NP,light,PA2_L,1,2
798,PA3,37,A,36.71739181,-0.098914973,NP,light,PA3_L,1,2
799,PA4,37,A,36.83285965,0.174062881,NP,light,PA4_L,1,2
800,PA8,37,A,36.72810526,0.197778924,NP,light,PA8_L,1,2
803,PA21,20,B,20.01060355,0.566807163,NP,light,PA21_L,2,1
804,PA22,20,B,20.1606568,0.374003499,NP,light,PA22_L,2,1
805,PA26,20,B,20.11688757,0.272893524,NP,light,PA26_L,2,1
806,PA27,20,B,20.23849704,0.447069612,NP,light,PA27_L,2,1
807,PA30,20,A,20.15109467,0.975823138,NP,light,PA30_L,2,1
808,PA33,20,A,20.28082249,0.496826562,NP,light,PA33_L,2,1
809,PA34,20,A,20.1943787,0.915704249,NP,light,PA34_L,2,1
810,PA36,20,A,20.15778107,0.54185425,NP,light,PA36_L,2,1
813,PA21,24,B,24.20622485,0.756667415,NP,light,PA21_L,2,1
814,PA22,24,B,24.32446746,0.560039849,NP,light,PA22_L,2,1
815,PA26,24,B,24.34666272,0.462755769,NP,light,PA26_L,2,1
816,PA27,24,B,24.39995266,0.654488549,NP,light,PA27_L,2,1
817,PA30,24,A,24.27781657,1.102787039,NP,light,PA30_L,2,1
818,PA33,24,A,24.47011834,0.676127085,NP,light,PA33_L,2,1
819,PA34,24,A,24.39309467,1.198609458,NP,light,PA34_L,2,1
820,PA36,24,A,24.36698817,0.704927934,NP,light,PA36_L,2,1
823,PA21,28,B,28.06895266,0.669473157,NP,light,PA21_L,2,1
824,PA22,28,B,28.25459172,0.590522105,NP,light,PA22_L,2,1
825,PA26,28,B,28.20326627,0.49687815,NP,light,PA26_L,2,1
826,PA27,28,B,28.16575148,0.701432353,NP,light,PA27_L,2,1
827,PA30,28,A,28.10066272,1.317084199,NP,light,PA30_L,2,1
828,PA33,28,A,28.30527811,0.760204936,NP,light,PA33_L,2,1
829,PA34,28,A,28.22815976,1.250915164,NP,light,PA34_L,2,1
830,PA36,28,A,28.20182249,0.779387394,NP,light,PA36_L,2,1
833,PA21,30,B,30.00055621,0.68121571,NP,light,PA21_L,2,1
834,PA22,30,B,30.09689941,0.543073024,NP,light,PA22_L,2,1
835,PA26,30,B,30.04694675,0.489176478,NP,light,PA26_L,2,1
836,PA27,30,B,30.15560355,0.869404986,NP,light,PA27_L,2,1
837,PA30,30,A,29.98812426,1.362006444,NP,light,PA30_L,2,1
838,PA33,30,A,30.1492426,0.783941376,NP,light,PA33_L,2,1
839,PA34,30,A,30.14354438,1.198927838,NP,light,PA34_L,2,1
840,PA36,30,A,30.08839645,0.749843802,NP,light,PA36_L,2,1
843,PA21,31,B,30.85140476,0.715579427,NP,light,PA21_L,2,1
844,PA22,31,B,31.06945833,0.540319818,NP,light,PA22_L,2,1
845,PA26,31,B,31.01660119,0.541331098,NP,light,PA26_L,2,1
846,PA27,31,B,31.06725,0.906425088,NP,light,PA27_L,2,1
847,PA30,31,A,30.8965,1.389355764,NP,light,PA30_L,2,1
848,PA33,31,A,31.12667262,0.784708807,NP,light,PA33_L,2,1
849,PA34,31,A,31.06683333,1.296485348,NP,light,PA34_L,2,1
850,PA36,31,A,31.05243452,0.741741322,NP,light,PA36_L,2,1
853,PA21,32,B,31.84172781,0.634269104,NP,light,PA21_L,2,1
854,PA22,32,B,32.02459524,0.49781798,NP,light,PA22_L,2,1
855,PA26,32,B,32.00301786,0.474812204,NP,light,PA26_L,2,1
856,PA27,32,B,32.0236568,0.717356142,NP,light,PA27_L,2,1
857,PA30,32,A,31.92153571,1.219726542,NP,light,PA30_L,2,1
858,PA33,32,A,32.06908929,0.764772453,NP,light,PA33_L,2,1
859,PA34,32,A,32.01029586,1.215369087,NP,light,PA34_L,2,1
860,PA36,32,A,31.99142262,0.622791508,NP,light,PA36_L,2,1
863,PA21,35,B,34.77886391,0.390210881,NP,light,PA21_L,2,1
864,PA22,35,B,34.99009467,0.233658276,NP,light,PA22_L,2,1
865,PA26,35,B,34.93292308,0.290377163,NP,light,PA26_L,2,1
866,PA27,35,B,34.97732544,0.477628114,NP,light,PA27_L,2,1
867,PA30,35,A,34.81351479,0.765147267,NP,light,PA30_L,2,1
868,PA33,35,A,35.02276923,0.523638364,NP,light,PA33_L,2,1
869,PA34,35,A,35.0058284,0.809404298,NP,light,PA34_L,2,1
870,PA36,35,A,34.95227219,0.51193104,NP,light,PA36_L,2,1
873,PA21,37,B,36.72778235,-0.051104507,NP,light,PA21_L,2,1
874,PA22,37,B,36.96461176,0.014249677,NP,light,PA22_L,2,1
875,PA26,37,B,36.98858235,-0.096910492,NP,light,PA26_L,2,1
876,PA27,37,B,36.95577059,0.108687311,NP,light,PA27_L,2,1
877,PA30,37,A,36.79288824,0.076192244,NP,light,PA30_L,2,1
878,PA33,37,A,37.04635294,0.237053421,NP,light,PA33_L,2,1
879,PA34,37,A,37.00283529,0.292694338,NP,light,PA34_L,2,1
880,PA36,37,A,36.96215294,0.161770263,NP,light,PA36_L,2,1
883,PA19,20,B,20.39236905,0.889025409,NP,light,PA19_L,2,2
884,PA20,20,B,20.19027381,0.536391122,NP,light,PA20_L,2,2
885,PA23,20,B,20.37889881,0.594427643,NP,light,PA23_L,2,2
886,PA25,20,B,20.33177381,0.451160672,NP,light,PA25_L,2,2
887,PA29,20,A,20.3699881,1.077564161,NP,light,PA29_L,2,2
888,PA31,20,A,20.31573214,0.847710555,NP,light,PA31_L,2,2
889,PA32,20,A,20.19343452,0.963146741,NP,light,PA32_L,2,2
890,PA35,20,A,20.18376048,0.989940148,NP,light,PA35_L,2,2
893,PA19,24,B,24.35904678,1.190762623,NP,light,PA19_L,2,2
894,PA20,24,B,24.23030409,0.70007542,NP,light,PA20_L,2,2
895,PA23,24,B,24.43598246,0.857025399,NP,light,PA23_L,2,2
896,PA25,24,B,24.38142105,0.775594977,NP,light,PA25_L,2,2
897,PA29,24,A,24.42365497,1.334824787,NP,light,PA29_L,2,2
898,PA31,24,A,24.42477193,1.126427743,NP,light,PA31_L,2,2
899,PA32,24,A,24.29239766,1.201811731,NP,light,PA32_L,2,2
900,PA35,24,A,24.15320468,1.109912614,NP,light,PA35_L,2,2
903,PA19,28,B,28.35291765,1.302297085,NP,light,PA19_L,2,2
904,PA20,28,B,28.10701176,0.778457214,NP,light,PA20_L,2,2
905,PA23,28,B,28.43158235,0.963930974,NP,light,PA23_L,2,2
906,PA25,28,B,28.36509412,0.780709748,NP,light,PA25_L,2,2
907,PA29,28,A,28.44961176,1.502209777,NP,light,PA29_L,2,2
908,PA31,28,A,28.37746471,1.238531146,NP,light,PA31_L,2,2
909,PA32,28,A,28.37055882,1.062695065,NP,light,PA32_L,2,2
910,PA35,28,A,28.11474118,1.222720917,NP,light,PA35_L,2,2
913,PA19,30,B,30.19749412,1.304333046,NP,light,PA19_L,2,2
914,PA20,30,B,29.97499412,0.768042253,NP,light,PA20_L,2,2
915,PA23,30,B,30.31401176,1.003399943,NP,light,PA23_L,2,2
916,PA25,30,B,30.25483529,0.753575332,NP,light,PA25_L,2,2
917,PA29,30,A,30.34709412,1.526227105,NP,light,PA29_L,2,2
918,PA31,30,A,30.29052353,1.310093765,NP,light,PA31_L,2,2
919,PA32,30,A,30.31987719,1.071756442,NP,light,PA32_L,2,2
920,PA35,30,A,29.99701176,1.232171022,NP,light,PA35_L,2,2
923,PA19,31,B,31.03557059,1.311772462,NP,light,PA19_L,2,2
924,PA20,31,B,30.86923529,0.752798721,NP,light,PA20_L,2,2
925,PA23,31,B,31.20163529,1.027486817,NP,light,PA23_L,2,2
926,PA25,31,B,31.17748824,0.734399945,NP,light,PA25_L,2,2
927,PA29,31,A,31.26087647,1.538902613,NP,light,PA29_L,2,2
928,PA31,31,A,31.19819412,1.324755263,NP,light,PA31_L,2,2
929,PA32,31,A,31.19463529,1.120044223,NP,light,PA32_L,2,2
930,PA35,31,A,30.86513529,1.238592814,NP,light,PA35_L,2,2
933,PA19,32,B,32.12337059,1.228862192,NP,light,PA19_L,2,2
934,PA20,32,B,31.93968235,0.673639318,NP,light,PA20_L,2,2
935,PA23,32,B,32.13507647,1.002927026,NP,light,PA23_L,2,2
936,PA25,32,B,32.24792353,0.684373393,NP,light,PA25_L,2,2
937,PA29,32,A,32.31727059,1.522408658,NP,light,PA29_L,2,2
938,PA31,32,A,32.22153529,1.298525146,NP,light,PA31_L,2,2
939,PA32,32,A,32.20158824,0.983784145,NP,light,PA32_L,2,2
940,PA35,32,A,31.9584,0.938995626,NP,light,PA35_L,2,2
943,PA19,35,B,34.8508538,0.715556406,NP,light,PA19_L,2,2
944,PA20,35,B,34.56452632,0.408508819,NP,light,PA20_L,2,2
945,PA23,35,B,34.8865848,0.571170884,NP,light,PA23_L,2,2
946,PA25,35,B,35.07936257,0.415872353,NP,light,PA25_L,2,2
947,PA29,35,A,35.14498246,1.062780496,NP,light,PA29_L,2,2
948,PA31,35,A,35.0662924,0.919693278,NP,light,PA31_L,2,2
949,PA32,35,A,35.02022222,0.617680435,NP,light,PA32_L,2,2
950,PA35,35,A,34.68023977,0.726898215,NP,light,PA35_L,2,2
953,PA19,37,B,36.66199412,0.238902069,NP,light,PA19_L,2,2
954,PA20,37,B,36.48888824,0.070363057,NP,light,PA20_L,2,2
955,PA23,37,B,36.67180588,0.188111654,NP,light,PA23_L,2,2
956,PA25,37,B,36.98162353,-0.047090788,NP,light,PA25_L,2,2
957,PA29,37,A,36.834,0.616476926,NP,light,PA29_L,2,2
958,PA31,37,A,37.03235882,0.545137116,NP,light,PA31_L,2,2
959,PA32,37,A,36.73320468,0.265741681,NP,light,PA32_L,2,2
960,PA35,37,A,36.50498246,0.466377069,NP,light,PA35_L,2,2
963,PA37,20,A,20.44209302,0.721408559,NP,light,PA37_L,3,1
964,PA39,20,A,20.52876163,0.891121165,NP,light,PA39_L,3,1
965,PA41,20,A,20.35369767,0.675067207,NP,light,PA41_L,3,1
966,PA42,20,A,20.36831977,0.714865994,NP,light,PA42_L,3,1
967,PA46,20,B,20.40200581,0.985309606,NP,light,PA46_L,3,1
968,PA49,20,B,20.21689535,0.551251603,NP,light,PA49_L,3,1
969,PA50,20,B,20.39815698,0.43774995,NP,light,PA50_L,3,1
970,PA53,20,B,20.38922674,0.59503972,NP,light,PA53_L,3,1
973,PA37,24,A,24.38884706,1.40517227,NP,light,PA37_L,3,1
974,PA39,24,A,24.52723529,1.364484151,NP,light,PA39_L,3,1
975,PA41,24,A,24.54014706,1.115644115,NP,light,PA41_L,3,1
976,PA42,24,A,24.45471765,1.172177212,NP,light,PA42_L,3,1
977,PA46,24,B,24.53245882,1.433698948,NP,light,PA46_L,3,1
978,PA49,24,B,24.28936471,0.731654021,NP,light,PA49_L,3,1
979,PA50,24,B,24.54371176,0.653948991,NP,light,PA50_L,3,1
980,PA53,24,B,24.60425294,0.882355525,NP,light,PA53_L,3,1
983,PA37,28,A,28.26583234,1.610708882,NP,light,PA37_L,3,1
984,PA39,28,A,28.46280838,1.590308572,NP,light,PA39_L,3,1
985,PA41,28,A,28.48029341,1.330652692,NP,light,PA41_L,3,1
986,PA42,28,A,28.4005988,1.258608212,NP,light,PA42_L,3,1
987,PA46,28,B,28.33949701,1.547479507,NP,light,PA46_L,3,1
988,PA49,28,B,28.15420958,0.792287631,NP,light,PA49_L,3,1
989,PA50,28,B,28.5259521,0.763194498,NP,light,PA50_L,3,1
990,PA53,28,B,28.54532335,1.163003491,NP,light,PA53_L,3,1
993,PA37,30,A,30.08828994,1.725835292,NP,light,PA37_L,3,1
994,PA39,30,A,30.48523077,1.418026589,NP,light,PA39_L,3,1
995,PA41,30,A,30.09018343,1.432667034,NP,light,PA41_L,3,1
996,PA42,30,A,30.59571006,1.308819984,NP,light,PA42_L,3,1
997,PA46,30,B,30.34650888,1.793174883,NP,light,PA46_L,3,1
998,PA49,30,B,30.12137278,0.866704938,NP,light,PA49_L,3,1
999,PA50,30,B,30.48604734,0.897603379,NP,light,PA50_L,3,1
1000,PA53,30,B,30.25352071,1.240853151,NP,light,PA53_L,3,1
1003,PA37,31,A,30.80839053,1.653432138,NP,light,PA37_L,3,1
1004,PA39,31,A,31.00230769,1.343016832,NP,light,PA39_L,3,1
1005,PA41,31,A,30.95595858,1.438984065,NP,light,PA41_L,3,1
1006,PA42,31,A,31.05494083,1.157372659,NP,light,PA42_L,3,1
1007,PA46,31,B,30.96559763,1.608240186,NP,light,PA46_L,3,1
1008,PA49,31,B,30.80600592,0.816472834,NP,light,PA49_L,3,1
1009,PA50,31,B,30.99294675,0.817944829,NP,light,PA50_L,3,1
1010,PA53,31,B,31.04706509,1.228518516,NP,light,PA53_L,3,1
1013,PA37,32,A,31.76791279,1.507287452,NP,light,PA37_L,3,1
1014,PA39,32,A,31.99602907,1.157107757,NP,light,PA39_L,3,1
1015,PA41,32,A,31.9461686,1.390894723,NP,light,PA41_L,3,1
1016,PA42,32,A,32.02397674,0.989282923,NP,light,PA42_L,3,1
1017,PA46,32,B,31.92726744,1.418785434,NP,light,PA46_L,3,1
1018,PA49,32,B,31.77312791,0.763975282,NP,light,PA49_L,3,1
1019,PA50,32,B,31.98097093,0.723541682,NP,light,PA50_L,3,1
1020,PA53,32,B,32.02269186,1.124058953,NP,light,PA53_L,3,1
1023,PA37,35,A,34.66971856,0.812565275,NP,light,PA37_L,3,1
1024,PA39,35,A,34.97198204,0.62602117,NP,light,PA39_L,3,1
1025,PA41,35,A,34.88885629,0.768401531,NP,light,PA41_L,3,1
1026,PA42,35,A,35.0084012,0.4842571,NP,light,PA42_L,3,1
1027,PA46,35,B,34.82405988,0.902680718,NP,light,PA46_L,3,1
1028,PA49,35,B,34.61566467,0.521665311,NP,light,PA49_L,3,1
1029,PA50,35,B,34.95289222,0.474837157,NP,light,PA50_L,3,1
1030,PA53,35,B,35.01571257,0.69615112,NP,light,PA53_L,3,1
1033,PA37,37,A,36.581,0.117076427,NP,light,PA37_L,3,1
1034,PA39,37,A,36.94463529,0.046572939,NP,light,PA39_L,3,1
1035,PA41,37,A,36.75557059,0.322496369,NP,light,PA41_L,3,1
1036,PA42,37,A,36.9215,-0.135524635,NP,light,PA42_L,3,1
1037,PA46,37,B,36.73520588,0.383523137,NP,light,PA46_L,3,1
1038,PA49,37,B,36.58652353,0.157216002,NP,light,PA49_L,3,1
1039,PA50,37,B,36.87344118,0.167028306,NP,light,PA50_L,3,1
1040,PA53,37,B,36.90910588,0.353431494,NP,light,PA53_L,3,1
1043,PA38,20,A,20.24255882,0.752330384,NP,light,PA38_L,3,2
1044,PA40,20,A,20.12770588,0.633181118,NP,light,PA40_L,3,2
1045,PA43,20,A,20.17564706,0.815680554,NP,light,PA43_L,3,2
1046,PA45,20,A,20.19722353,0.83248114,NP,light,PA45_L,3,2
1047,PA48,20,B,20.15668235,0.452050077,NP,light,PA48_L,3,2
1048,PA51,20,B,20.08282353,0.367411699,NP,light,PA51_L,3,2
1049,PA52,20,B,20.17107059,0.766302922,NP,light,PA52_L,3,2
1050,PA54,20,B,20.35354706,0.669979006,NP,light,PA54_L,3,2
1053,PA38,24,A,24.31770238,1.165123026,NP,light,PA38_L,3,2
1054,PA40,24,A,24.28406548,1.092254689,NP,light,PA40_L,3,2
1055,PA43,24,A,24.1822619,1.102392579,NP,light,PA43_L,3,2
1056,PA45,24,A,24.21783333,1.271998607,NP,light,PA45_L,3,2
1057,PA48,24,B,24.15773214,0.900228908,NP,light,PA48_L,3,2
1058,PA51,24,B,24.23795238,0.600687295,NP,light,PA51_L,3,2
1059,PA52,24,B,24.23959524,1.103496131,NP,light,PA52_L,3,2
1060,PA54,24,B,24.41344643,1.074009333,NP,light,PA54_L,3,2
1063,PA38,28,A,28.43107692,1.43661379,NP,light,PA38_L,3,2
1064,PA40,28,A,28.29007692,1.319217101,NP,light,PA40_L,3,2
1065,PA43,28,A,28.31469231,1.383398597,NP,light,PA43_L,3,2
1066,PA45,28,A,28.31518935,1.442163976,NP,light,PA45_L,3,2
1067,PA48,28,B,28.2487574,1.140017312,NP,light,PA48_L,3,2
1068,PA51,28,B,28.20916568,0.814395832,NP,light,PA51_L,3,2
1069,PA52,28,B,28.32947337,1.413675655,NP,light,PA52_L,3,2
1070,PA54,28,B,28.5958284,1.297516351,NP,light,PA54_L,3,2
1073,PA38,30,A,30.12605263,1.516983371,NP,light,PA38_L,3,2
1074,PA40,30,A,30.05559649,1.435414381,NP,light,PA40_L,3,2
1075,PA43,30,A,30.07674269,1.52273334,NP,light,PA43_L,3,2
1076,PA45,30,A,30.08630409,1.558672794,NP,light,PA45_L,3,2
1077,PA48,30,B,29.99324561,1.22233331,NP,light,PA48_L,3,2
1078,PA51,30,B,30.03050877,0.888901641,NP,light,PA51_L,3,2
1079,PA52,30,B,30.09139766,1.57617564,NP,light,PA52_L,3,2
1080,PA54,30,B,30.24178363,1.364497891,NP,light,PA54_L,3,2
1083,PA38,31,A,31.20781657,1.458389451,NP,light,PA38_L,3,2
1084,PA40,31,A,31.11233728,1.458024011,NP,light,PA40_L,3,2
1085,PA43,31,A,31.12156213,1.541144416,NP,light,PA43_L,3,2
1086,PA45,31,A,31.18030769,1.606804797,NP,light,PA45_L,3,2
1087,PA48,31,B,31.07415976,1.232806466,NP,light,PA48_L,3,2
1088,PA51,31,B,31.08828994,0.908910182,NP,light,PA51_L,3,2
1089,PA52,31,B,31.14291716,1.606319082,NP,light,PA52_L,3,2
1090,PA54,31,B,31.33484024,1.330736937,NP,light,PA54_L,3,2
1093,PA38,32,A,32.28213018,1.355469326,NP,light,PA38_L,3,2
1094,PA40,32,A,32.11980473,1.366566686,NP,light,PA40_L,3,2
1095,PA43,32,A,32.21094675,1.44442119,NP,light,PA43_L,3,2
1096,PA45,32,A,32.24702367,1.41089496,NP,light,PA45_L,3,2
1097,PA48,32,B,32.15016568,1.114833237,NP,light,PA48_L,3,2
1098,PA51,32,B,32.11578698,0.870133034,NP,light,PA51_L,3,2
1099,PA52,32,B,32.20805325,1.354754198,NP,light,PA52_L,3,2
1100,PA54,32,B,32.44304734,1.187519331,NP,light,PA54_L,3,2
1103,PA38,35,A,35.06995858,0.754908655,NP,light,PA38_L,3,2
1104,PA40,35,A,34.94824852,0.863524315,NP,light,PA40_L,3,2
1105,PA43,35,A,35.00981065,0.892559145,NP,light,PA43_L,3,2
1106,PA45,35,A,35.05937278,0.839871714,NP,light,PA45_L,3,2
1107,PA48,35,B,34.99877515,0.709734682,NP,light,PA48_L,3,2
1108,PA51,35,B,34.91081065,0.520888769,NP,light,PA51_L,3,2
1109,PA52,35,B,34.9992426,0.865475327,NP,light,PA52_L,3,2
1110,PA54,35,B,35.26759172,0.750385617,NP,light,PA54_L,3,2
1113,PA38,37,A,36.83545294,0.15468234,NP,light,PA38_L,3,2
1114,PA40,37,A,36.83125294,0.357981737,NP,light,PA40_L,3,2
1115,PA43,37,A,36.84830588,0.210328825,NP,light,PA43_L,3,2
1116,PA45,37,A,36.89902941,0.323299277,NP,light,PA45_L,3,2
1117,PA48,37,B,36.85457647,0.169650342,NP,light,PA48_L,3,2
1118,PA51,37,B,36.79021765,0.231626329,NP,light,PA51_L,3,2
1119,PA52,37,B,36.86494706,0.481390699,NP,light,PA52_L,3,2
1120,PA54,37,B,37.08148235,0.383299288,NP,light,PA54_L,3,2
1,PA1,20,A,20.1116741,0.924819909,GP,light,PA1_L,1,1
2,PA1,24,A,24.02437466,1.341887219,GP,light,PA1_L,1,1
3100,PA1,28,A,27.92330702,1.635228892,GP,light,PA1_L,1,1
431,PA1,30,A,29.82440615,1.776659908,GP,light,PA1_L,1,1
511,PA1,31,A,30.85160023,1.683970443,GP,light,PA1_L,1,1
611,PA1,32,A,31.82959804,1.625055628,GP,light,PA1_L,1,1
711,PA1,35,A,34.7332748,1.326751677,GP,light,PA1_L,1,1
811,PA1,37,A,36.82893548,0.184044063,GP,light,PA1_L,1,1
911,PA10,20,B,20.23826995,0.648586577,GP,light,PA10_L,1,1
1011,PA10,24,B,24.16448782,0.989236861,GP,light,PA10_L,1,1
11,PA10,28,B,28.07467072,1.01837937,GP,light,PA10_L,1,1
12,PA10,30,B,29.9907426,1.000062376,GP,light,PA10_L,1,1
1310,PA10,31,B,31.05389849,1.001990846,GP,light,PA10_L,1,1
1410,PA10,32,B,31.93220124,0.981302868,GP,light,PA10_L,1,1
1510,PA10,35,B,34.81322706,0.859689866,GP,light,PA10_L,1,1
1610,PA10,37,B,36.88873514,0,GP,light,PA10_L,1,1
1710,PA11,20,B,20.00942241,0.633076029,GP,light,PA11_L,1,1
1810,PA11,24,B,24.09090156,0.985506823,GP,light,PA11_L,1,1
1910,PA11,28,B,27.95456708,1.152152633,GP,light,PA11_L,1,1
2010,PA11,30,B,29.87829332,0.884018474,GP,light,PA11_L,1,1
21,PA11,31,B,30.87700547,1.116057831,GP,light,PA11_L,1,1
22,PA11,32,B,31.80544314,0.954956235,GP,light,PA11_L,1,1
2310,PA11,35,B,34.76474312,0.905483346,GP,light,PA11_L,1,1
2410,PA11,37,B,36.88953226,0,GP,light,PA11_L,1,1
2510,PA12,20,B,20.22934344,0.754874838,GP,light,PA12_L,1,2
2610,PA12,24,B,24.14372234,1.05388607,GP,light,PA12_L,1,2
2710,PA12,28,B,28.04788408,1.122763125,GP,light,PA12_L,1,2
2810,PA12,30,B,30.10102776,1.366268795,GP,light,PA12_L,1,2
2910,PA12,31,B,31.05070372,1.366664536,GP,light,PA12_L,1,2
3010,PA12,32,B,32.02764559,1.351914309,GP,light,PA12_L,1,2
31,PA12,35,B,34.79681368,1.125424547,GP,light,PA12_L,1,2
32,PA12,36,B,35.6794898,0.661336664,GP,light,PA12_L,1,2
3310,PA12,37,B,36.81927997,0.762186362,GP,light,PA12_L,1,2
3410,PA13,20,B,20.18410774,0.908020361,GP,light,PA13_L,1,2
3510,PA13,24,B,24.0726573,1.144786731,GP,light,PA13_L,1,2
3610,PA13,28,B,28.01241306,1.39147752,GP,light,PA13_L,1,2
3710,PA13,30,B,30.08727314,1.525966437,GP,light,PA13_L,1,2
3810,PA13,31,B,31.04032065,1.262444401,GP,light,PA13_L,1,2
3910,PA13,32,B,32.06395195,1.411595315,GP,light,PA13_L,1,2
4010,PA13,35,B,34.99231837,1.166207191,GP,light,PA13_L,1,2
41,PA13,36,B,35.77489796,0.63597499,GP,light,PA13_L,1,2
42,PA13,37,B,36.97915611,0.731666557,GP,light,PA13_L,1,2
432,PA14,20,B,20.22066843,0.98817978,GP,light,PA14_L,1,2
441,PA14,24,B,24.06085768,1.263764393,GP,light,PA14_L,1,2
451,PA14,28,B,27.99408694,1.484102363,GP,light,PA14_L,1,2
461,PA14,30,B,29.98697264,1.291480012,GP,light,PA14_L,1,2
471,PA14,31,B,30.93720588,1.462452529,GP,light,PA14_L,1,2
481,PA14,32,B,31.88554687,1.496193837,GP,light,PA14_L,1,2
491,PA14,35,B,34.75862163,1.241619821,GP,light,PA14_L,1,2
501,PA14,36,B,35.59146939,0.598650225,GP,light,PA14_L,1,2
51,PA14,37,B,36.76362304,0.580860837,GP,light,PA14_L,1,2
52,PA16,20,B,20.22577711,0.832087346,GP,light,PA16_L,1,2
531,PA16,24,B,24.04468075,1.155215337,GP,light,PA16_L,1,2
541,PA16,28,B,28.07625061,1.26211202,GP,light,PA16_L,1,2
551,PA16,30,B,29.99002947,1.22919978,GP,light,PA16_L,1,2
561,PA16,31,B,30.95520678,1.25702114,GP,light,PA16_L,1,2
571,PA16,32,B,31.91174092,1.274368564,GP,light,PA16_L,1,2
581,PA16,35,B,34.71560991,0.898034837,GP,light,PA16_L,1,2
591,PA16,36,B,35.58028571,0.482212981,GP,light,PA16_L,1,2
601,PA16,37,B,36.64872129,0.565875723,GP,light,PA16_L,1,2
61,PA17,20,B,20.05086444,0.716282859,GP,light,PA17_L,1,1
62,PA17,24,B,24.1349922,1.004726569,GP,light,PA17_L,1,1
631,PA17,28,B,27.98392911,0.999395463,GP,light,PA17_L,1,1
641,PA17,30,B,30.02474351,1.220925285,GP,light,PA17_L,1,1
651,PA17,31,B,30.95486558,1.191665395,GP,light,PA17_L,1,1
661,PA17,32,B,31.93100686,1.152425845,GP,light,PA17_L,1,1
671,PA17,35,B,34.8144545,1.046359944,GP,light,PA17_L,1,1
681,PA17,37,B,36.8237043,0.171135758,GP,light,PA17_L,1,1
691,PA18,20,B,20.09445757,0.649730029,GP,light,PA18_L,1,1
701,PA18,24,B,24.06649537,0.771213375,GP,light,PA18_L,1,1
71,PA18,28,B,27.96220148,0.853531459,GP,light,PA18_L,1,1
72,PA18,30,B,29.88037669,0.862942526,GP,light,PA18_L,1,1
731,PA18,31,B,30.86268256,0.8284968,GP,light,PA18_L,1,1
741,PA18,32,B,31.89956569,0.832617368,GP,light,PA18_L,1,1
751,PA18,35,B,34.74444002,0.628260657,GP,light,PA18_L,1,1
761,PA18,37,B,36.59640541,0,GP,light,PA18_L,1,1
771,PA19,20,B,20.22018452,1.236836814,GP,light,PA19_L,2,2
781,PA19,24,B,24.00484992,1.634644192,GP,light,PA19_L,2,2
791,PA19,28,B,28.07248944,1.847993952,GP,light,PA19_L,2,2
801,PA19,30,B,29.98250216,1.887190341,GP,light,PA19_L,2,2
81,PA19,31,B,30.87212203,1.897858737,GP,light,PA19_L,2,2
82,PA19,32,B,31.96073631,1.826859278,GP,light,PA19_L,2,2
831,PA19,35,B,34.79328965,1.410148874,GP,light,PA19_L,2,2
841,PA19,36,B,35.80262,0.59963435,GP,light,PA19_L,2,2
851,PA19,37,B,36.73903215,0.691256546,GP,light,PA19_L,2,2
861,PA2,20,A,20.19257879,1.145998565,GP,light,PA2_L,1,2
871,PA2,24,A,24.03013534,1.530908259,GP,light,PA2_L,1,2
881,PA2,28,A,28.02515673,1.721850075,GP,light,PA2_L,1,2
891,PA2,30,A,29.94858054,2.032738507,GP,light,PA2_L,1,2
901,PA2,31,A,30.91408169,2.057025827,GP,light,PA2_L,1,2
91,PA2,32,A,31.86628399,2.090133017,GP,light,PA2_L,1,2
92,PA2,35,A,34.73493469,1.692732039,GP,light,PA2_L,1,2
931,PA2,36,A,35.60618367,0.813176042,GP,light,PA2_L,1,2
941,PA2,37,A,36.72398947,1.112163793,GP,light,PA2_L,1,2
951,PA20,20,B,20.10865731,0.891809547,GP,light,PA20_L,2,2
961,PA20,24,B,24.28798878,1.186650473,GP,light,PA20_L,2,2
971,PA20,28,B,28.05563854,1.352986962,GP,light,PA20_L,2,2
981,PA20,30,B,29.96756849,1.361676957,GP,light,PA20_L,2,2
991,PA20,31,B,30.86696765,1.360406033,GP,light,PA20_L,2,2
1001,PA20,32,B,31.93144322,1.310363007,GP,light,PA20_L,2,2
101,PA20,35,B,34.79196904,1.170999179,GP,light,PA20_L,2,2
102,PA20,36,B,35.96202,0.637813434,GP,light,PA20_L,2,2
1031,PA20,37,B,36.75183008,0.573915092,GP,light,PA20_L,2,2
1041,PA21,20,B,20.08269178,0.913908848,GP,light,PA21_L,2,1
1051,PA21,24,B,24.25238794,1.156204947,GP,light,PA21_L,2,1
1061,PA21,28,B,28.13927633,1.144316866,GP,light,PA21_L,2,1
1071,PA21,30,B,30.16952811,1.200091488,GP,light,PA21_L,2,1
1081,PA21,31,B,31.02734238,1.23355694,GP,light,PA21_L,2,1
1091,PA21,32,B,31.91908391,1.152521812,GP,light,PA21_L,2,1
1101,PA21,35,B,34.88589349,0.957651653,GP,light,PA21_L,2,1
111,PA21,36,B,35.87658,0.434725628,GP,light,PA21_L,2,1
112,PA21,37,B,36.62787077,0.289530472,GP,light,PA21_L,2,1
1131,PA22,20,B,20.1629884,0.661025223,GP,light,PA22_L,2,1
1141,PA22,24,B,24.25511128,0.938477758,GP,light,PA22_L,2,1
1151,PA22,28,B,28.08435586,1.064737189,GP,light,PA22_L,2,1
1161,PA22,30,B,29.9859397,1.090639971,GP,light,PA22_L,2,1
1171,PA22,31,B,31.05919917,1.117294545,GP,light,PA22_L,2,1
1181,PA22,32,B,31.89475762,1.093589589,GP,light,PA22_L,2,1
1191,PA22,35,B,34.84924926,0.914096472,GP,light,PA22_L,2,1
1201,PA22,36,B,35.55926,0.637858273,GP,light,PA22_L,2,1
121,PA22,37,B,36.70324466,0.535950053,GP,light,PA22_L,2,1
122,PA23,20,B,20.28863308,0.928890724,GP,light,PA23_L,2,2
1231,PA23,24,B,24.22624633,1.274731078,GP,light,PA23_L,2,2
1241,PA23,28,B,28.18948505,1.473453209,GP,light,PA23_L,2,2
1251,PA23,30,B,30.10845486,1.567580363,GP,light,PA23_L,2,2
1261,PA23,31,B,31.05007765,1.615593643,GP,light,PA23_L,2,2
1271,PA23,32,B,32.05539538,1.582871776,GP,light,PA23_L,2,2
1281,PA23,35,B,34.99934142,1.272651436,GP,light,PA23_L,2,2
1291,PA23,36,B,36.06802,0.599914805,GP,light,PA23_L,2,2
1301,PA23,37,B,36.84185031,0.645913402,GP,light,PA23_L,2,2
131,PA25,20,B,20.19003997,0.851154088,GP,light,PA25_L,2,2
132,PA25,24,B,24.40267991,1.265160058,GP,light,PA25_L,2,2
1331,PA25,28,B,28.207394,1.381328006,GP,light,PA25_L,2,2
1341,PA25,30,B,30.14200948,1.403197689,GP,light,PA25_L,2,2
1351,PA25,31,B,31.03766412,1.354970784,GP,light,PA25_L,2,2
1361,PA25,32,B,32.15595156,1.333411239,GP,light,PA25_L,2,2
1371,PA25,35,B,35.13282835,1.261110983,GP,light,PA25_L,2,2
1381,PA25,36,B,35.82484,0.640756692,GP,light,PA25_L,2,2
1391,PA25,37,B,36.97931176,0.441182001,GP,light,PA25_L,2,2
1401,PA26,20,B,20.15542379,0.582286852,GP,light,PA26_L,2,1
141,PA26,24,B,24.23915789,0.843429089,GP,light,PA26_L,2,1
142,PA26,28,B,28.06671314,0.952810967,GP,light,PA26_L,2,1
1431,PA26,30,B,30.00923337,0.978714272,GP,light,PA26_L,2,1
1441,PA26,31,B,31.1111406,1.046895039,GP,light,PA26_L,2,1
1451,PA26,32,B,31.92683893,0.962663375,GP,light,PA26_L,2,1
1461,PA26,35,B,34.82908654,0.86145469,GP,light,PA26_L,2,1
1471,PA26,36,B,35.83786,0.499629708,GP,light,PA26_L,2,1
1481,PA26,37,B,36.81216873,0.298668105,GP,light,PA26_L,2,1
1491,PA27,20,B,20.20366852,0.732469593,GP,light,PA27_L,2,1
1501,PA27,24,B,24.25072123,0.992810211,GP,light,PA27_L,2,1
151,PA27,28,B,28.08687574,1.206085399,GP,light,PA27_L,2,1
152,PA27,30,B,30.03554178,1.381901074,GP,light,PA27_L,2,1
1531,PA27,31,B,31.176475,1.442750149,GP,light,PA27_L,2,1
1541,PA27,32,B,31.9882284,1.244968089,GP,light,PA27_L,2,1
1551,PA27,35,B,34.97604734,1.08726696,GP,light,PA27_L,2,1
1561,PA27,36,B,35.7903,0.510976493,GP,light,PA27_L,2,1
1571,PA27,37,B,36.78580366,0.7052159,GP,light,PA27_L,2,1
1581,PA29,20,A,20.20284099,1.361399761,GP,light,PA29_L,2,2
1591,PA29,24,A,24.28440912,1.746732128,GP,light,PA29_L,2,2
1601,PA29,28,A,28.27369364,2.101391309,GP,light,PA29_L,2,2
161,PA29,30,A,30.17311849,2.160185318,GP,light,PA29_L,2,2
162,PA29,31,A,31.06712824,2.20467956,GP,light,PA29_L,2,2
1631,PA29,32,A,32.17602305,2.180268681,GP,light,PA29_L,2,2
1641,PA29,35,A,35.12456966,1.811105539,GP,light,PA29_L,2,2
1651,PA29,36,A,35.84802,0.623540978,GP,light,PA29_L,2,2
1661,PA29,37,A,36.92457895,1.173371702,GP,light,PA29_L,2,2
1671,PA3,20,A,20.21089001,1.039482206,GP,light,PA3_L,1,2
1681,PA3,24,A,24.01299427,1.800399402,GP,light,PA3_L,1,2
1691,PA3,28,A,28.00825224,2.157653669,GP,light,PA3_L,1,2
1701,PA3,30,A,29.98422338,2.165122576,GP,light,PA3_L,1,2
171,PA3,31,A,30.94731056,2.210939954,GP,light,PA3_L,1,2
172,PA3,32,A,31.99900854,2.114810271,GP,light,PA3_L,1,2
1731,PA3,35,A,34.7482386,1.896247616,GP,light,PA3_L,1,2
1741,PA3,36,A,35.69236735,1.156545708,GP,light,PA3_L,1,2
1751,PA3,37,A,36.88634924,0.764679806,GP,light,PA3_L,1,2
1761,PA30,20,A,20.18574734,1.281700295,GP,light,PA30_L,2,1
1771,PA30,24,A,24.25067359,1.452899356,GP,light,PA30_L,2,1
1781,PA30,28,A,28.03852136,1.782822989,GP,light,PA30_L,2,1
1791,PA30,30,A,29.98032213,1.88594501,GP,light,PA30_L,2,1
1801,PA30,31,A,31.03217,1.957781252,GP,light,PA30_L,2,1
181,PA30,32,A,31.91658786,1.791042652,GP,light,PA30_L,2,1
182,PA30,35,A,34.8825074,1.439365457,GP,light,PA30_L,2,1
1831,PA30,36,A,35.79326,0.576532331,GP,light,PA30_L,2,1
1841,PA30,37,A,36.72222983,0.545381603,GP,light,PA30_L,2,1
1851,PA31,20,A,20.24381505,1.191785507,GP,light,PA31_L,2,2
1861,PA31,24,A,24.21545739,1.566087986,GP,light,PA31_L,2,2
1871,PA31,28,A,28.15066092,1.80562545,GP,light,PA31_L,2,2
1881,PA31,30,A,30.08044544,1.925371326,GP,light,PA31_L,2,2
1891,PA31,31,A,30.97816706,1.954717648,GP,light,PA31_L,2,2
1901,PA31,32,A,32.04397173,1.926891015,GP,light,PA31_L,2,2
191,PA31,35,A,34.93475404,1.671735287,GP,light,PA31_L,2,2
192,PA31,36,A,35.75974,0.680807387,GP,light,PA31_L,2,2
1931,PA31,37,A,36.89981099,1.035509228,GP,light,PA31_L,2,2
1941,PA32,20,A,20.11538053,1.479553548,GP,light,PA32_L,2,2
1951,PA32,24,A,24.15524985,1.925996001,GP,light,PA32_L,2,2
1961,PA32,28,A,28.17567737,1.915824261,GP,light,PA32_L,2,2
1971,PA32,30,A,30.12396921,1.947418736,GP,light,PA32_L,2,2
1981,PA32,31,A,31.01494765,1.990265006,GP,light,PA32_L,2,2
1991,PA32,32,A,32.0465084,1.86625503,GP,light,PA32_L,2,2
2001,PA32,35,A,34.96754248,1.633190207,GP,light,PA32_L,2,2
201,PA32,36,A,35.72574,0.915283811,GP,light,PA32_L,2,2
202,PA32,37,A,36.81856725,0.975527074,GP,light,PA32_L,2,2
2031,PA33,20,A,20.20837124,0.789863971,GP,light,PA33_L,2,1
2041,PA33,24,A,24.40230407,0.95631706,GP,light,PA33_L,2,1
2051,PA33,28,A,28.28048905,1.143835103,GP,light,PA33_L,2,1
2061,PA33,30,A,30.2603213,1.200265599,GP,light,PA33_L,2,1
2071,PA33,31,A,31.22811631,1.224131208,GP,light,PA33_L,2,1
2081,PA33,32,A,32.02889464,1.230141588,GP,light,PA33_L,2,1
2091,PA33,35,A,35.00025962,1.054792019,GP,light,PA33_L,2,1
2101,PA33,36,A,35.86662,0.413503538,GP,light,PA33_L,2,1
211,PA33,37,A,36.87268667,0.59784453,GP,light,PA33_L,2,1
212,PA34,20,A,20.12114935,1.158650055,GP,light,PA34_L,2,1
2131,PA34,24,A,24.30236366,1.49693049,GP,light,PA34_L,2,1
2141,PA34,28,A,28.17714988,1.637264352,GP,light,PA34_L,2,1
2151,PA34,30,A,30.09463219,1.608983,GP,light,PA34_L,2,1
2161,PA34,31,A,31.01695667,1.712593207,GP,light,PA34_L,2,1
2171,PA34,32,A,31.91685793,1.631400184,GP,light,PA34_L,2,1
2181,PA34,35,A,34.89373151,1.326056649,GP,light,PA34_L,2,1
2191,PA34,36,A,35.4963,0.426786007,GP,light,PA34_L,2,1
2201,PA34,37,A,36.70296867,0.658764819,GP,light,PA34_L,2,1
221,PA35,20,A,20.15364555,1.344857383,GP,light,PA35_L,2,2
222,PA35,24,A,24.21917377,1.521010876,GP,light,PA35_L,2,2
2231,PA35,28,A,28.07929916,1.769406552,GP,light,PA35_L,2,2
2241,PA35,30,A,29.98843445,1.782904375,GP,light,PA35_L,2,2
2251,PA35,31,A,30.90713765,1.811207006,GP,light,PA35_L,2,2
2261,PA35,32,A,31.9982,1.522570358,GP,light,PA35_L,2,2
2271,PA35,35,A,34.92881596,1.392231355,GP,light,PA35_L,2,2
2281,PA35,36,A,36.0999,0.552748601,GP,light,PA35_L,2,2
2291,PA35,37,A,36.7832193,0.939663136,GP,light,PA35_L,2,2
2301,PA36,20,A,20.22258053,0.796688141,GP,light,PA36_L,2,1
231,PA36,24,A,24.35168796,1.014552421,GP,light,PA36_L,2,1
232,PA36,28,A,28.22598124,1.204129352,GP,light,PA36_L,2,1
2331,PA36,30,A,30.05225822,1.194966157,GP,light,PA36_L,2,1
2341,PA36,31,A,31.16722726,1.218236232,GP,light,PA36_L,2,1
2351,PA36,32,A,31.96682131,1.104016537,GP,light,PA36_L,2,1
2361,PA36,35,A,34.9495784,1.104469832,GP,light,PA36_L,2,1
2371,PA36,36,A,35.66838,0.414653428,GP,light,PA36_L,2,1
2381,PA36,37,A,36.77558667,0.540540532,GP,light,PA36_L,2,1
2391,PA37,20,A,20.19666896,1.185940728,GP,light,PA37_L,3,1
2401,PA37,24,A,24.21128353,2.034303023,GP,light,PA37_L,3,1
241,PA37,28,A,28.14269168,2.336311705,GP,light,PA37_L,3,1
242,PA37,30,A,29.98075722,2.474991882,GP,light,PA37_L,3,1
2431,PA37,31,A,30.85081772,2.435609755,GP,light,PA37_L,3,1
2441,PA37,32,A,31.7752115,2.314156178,GP,light,PA37_L,3,1
2451,PA37,35,A,34.70527765,1.815955217,GP,light,PA37_L,3,1
2461,PA37,36,A,35.77438776,0.829544032,GP,light,PA37_L,3,1
2471,PA37,37,A,36.59934694,0.814090855,GP,light,PA37_L,3,1
2481,PA38,20,A,20.19533043,1.028590933,GP,light,PA38_L,3,2
2491,PA38,24,A,24.42735119,1.570285889,GP,light,PA38_L,3,2
2501,PA38,28,A,28.37062009,1.925146003,GP,light,PA38_L,3,2
251,PA38,30,A,30.15605632,2.05357722,GP,light,PA38_L,3,2
252,PA38,31,A,31.23152053,2.008193609,GP,light,PA38_L,3,2
2531,PA38,32,A,32.15573856,1.904308605,GP,light,PA38_L,3,2
2541,PA38,35,A,35.01193847,1.494243966,GP,light,PA38_L,3,2
2551,PA38,36,A,36.17981633,0.628764423,GP,light,PA38_L,3,2
2561,PA38,37,A,36.878553,0.680258068,GP,light,PA38_L,3,2
2571,PA39,20,A,20.30964612,1.291267483,GP,light,PA39_L,3,1
2581,PA39,24,A,24.38464765,1.936377343,GP,light,PA39_L,3,1
2591,PA39,28,A,28.28668991,2.23157356,GP,light,PA39_L,3,1
2601,PA39,30,A,30.24245212,2.067589338,GP,light,PA39_L,3,1
261,PA39,31,A,31.03543956,2.021667141,GP,light,PA39_L,3,1
262,PA39,32,A,31.96973902,1.869961158,GP,light,PA39_L,3,1
2631,PA39,35,A,34.86408285,1.567612155,GP,light,PA39_L,3,1
2641,PA39,36,A,35.82297959,0.830916955,GP,light,PA39_L,3,1
2651,PA39,37,A,36.78552173,0.786385959,GP,light,PA39_L,3,1
2661,PA4,20,A,20.34296411,1.061493445,GP,light,PA4_L,1,2
2671,PA4,24,A,24.2663658,1.288776691,GP,light,PA4_L,1,2
2681,PA4,28,A,28.14010531,1.447293566,GP,light,PA4_L,1,2
2691,PA4,30,A,30.11949624,1.605628521,GP,light,PA4_L,1,2
2701,PA4,31,A,31.13973169,1.568897759,GP,light,PA4_L,1,2
271,PA4,32,A,32.09175065,1.388788904,GP,light,PA4_L,1,2
272,PA4,35,A,34.99444041,1.123889306,GP,light,PA4_L,1,2
2731,PA4,36,A,35.89497959,0.46787121,GP,light,PA4_L,1,2
2741,PA4,37,A,36.93189649,0.568612791,GP,light,PA4_L,1,2
2751,PA40,20,A,20.02445498,0.913043124,GP,light,PA40_L,3,2
2761,PA40,24,A,24.29479804,1.520899963,GP,light,PA40_L,3,2
2771,PA40,28,A,28.24581397,1.797177258,GP,light,PA40_L,3,2
2781,PA40,30,A,30.01074825,1.924073047,GP,light,PA40_L,3,2
2791,PA40,31,A,31.06703599,1.959020961,GP,light,PA40_L,3,2
2801,PA40,32,A,31.96359624,1.882882729,GP,light,PA40_L,3,2
281,PA40,35,A,34.82065487,1.504240253,GP,light,PA40_L,3,2
282,PA40,36,A,35.86455102,0.603105502,GP,light,PA40_L,3,2
2831,PA40,37,A,36.78106525,0.904013958,GP,light,PA40_L,3,2
2841,PA41,20,A,20.25770598,0.945553785,GP,light,PA41_L,3,1
2851,PA41,24,A,24.41134353,1.501432727,GP,light,PA41_L,3,1
2861,PA41,28,A,28.33986099,1.798282877,GP,light,PA41_L,3,1
2871,PA41,30,A,30.08522437,1.945756749,GP,light,PA41_L,3,1
2881,PA41,31,A,31.02954051,1.966607032,GP,light,PA41_L,3,1
2891,PA41,32,A,31.94988022,1.939579067,GP,light,PA41_L,3,1
2901,PA41,35,A,34.85721386,1.473147213,GP,light,PA41_L,3,1
291,PA41,36,A,35.92218367,0.643573429,GP,light,PA41_L,3,1
292,PA41,37,A,36.71097917,0.888050731,GP,light,PA41_L,3,1
2931,PA42,20,A,20.28165988,1.163966676,GP,light,PA42_L,3,1
2941,PA42,24,A,24.27036882,1.740327736,GP,light,PA42_L,3,1
2951,PA42,28,A,28.27157491,1.890623878,GP,light,PA42_L,3,1
2961,PA42,30,A,30.32573258,1.973489117,GP,light,PA42_L,3,1
2971,PA42,31,A,31.07014388,1.859386014,GP,light,PA42_L,3,1
2981,PA42,32,A,32.00177409,1.700741641,GP,light,PA42_L,3,1
2991,PA42,35,A,34.81538427,1.364505321,GP,light,PA42_L,3,1
3001,PA42,36,A,35.88120408,0.791504319,GP,light,PA42_L,3,1
301,PA42,37,A,36.79548469,0.524107979,GP,light,PA42_L,3,1
302,PA43,20,A,20.09705822,1.200449922,GP,light,PA43_L,3,2
3031,PA43,24,A,24.28786565,1.576504219,GP,light,PA43_L,3,2
3041,PA43,28,A,28.32194819,1.928555909,GP,light,PA43_L,3,2
3051,PA43,30,A,30.09462135,2.108806636,GP,light,PA43_L,3,2
3061,PA43,31,A,31.13059739,2.11824397,GP,light,PA43_L,3,2
3071,PA43,32,A,32.05062643,2.044446109,GP,light,PA43_L,3,2
3081,PA43,35,A,34.94557879,1.665026736,GP,light,PA43_L,3,2
3091,PA43,36,A,36.13947917,0.696305341,GP,light,PA43_L,3,2
3101,PA43,37,A,36.86126519,0.812945321,GP,light,PA43_L,3,2
311,PA45,20,A,20.19162197,1.201436411,GP,light,PA45_L,3,2
312,PA45,24,A,24.22511054,1.77152331,GP,light,PA45_L,3,2
3131,PA45,28,A,28.24967631,2.047088339,GP,light,PA45_L,3,2
3141,PA45,30,A,30.01990205,2.156602453,GP,light,PA45_L,3,2
3151,PA45,31,A,31.1107967,2.232941821,GP,light,PA45_L,3,2
3161,PA45,32,A,32.02880775,2.021337653,GP,light,PA45_L,3,2
3171,PA45,35,A,34.93907415,1.644306915,GP,light,PA45_L,3,2
3181,PA45,36,A,35.84722449,0.752012453,GP,light,PA45_L,3,2
3191,PA45,37,A,36.8127596,0.969740909,GP,light,PA45_L,3,2
3201,PA46,20,B,20.33812536,1.253155513,GP,light,PA46_L,3,1
321,PA46,24,B,24.44056941,1.824911224,GP,light,PA46_L,3,1
322,PA46,28,B,28.21642197,1.987388713,GP,light,PA46_L,3,1
3231,PA46,30,B,30.19602995,2.265722186,GP,light,PA46_L,3,1
3241,PA46,31,B,30.99010494,2.091320133,GP,light,PA46_L,3,1
3251,PA46,32,B,31.92588882,1.91173148,GP,light,PA46_L,3,1
3261,PA46,35,B,34.89220341,1.581557494,GP,light,PA46_L,3,1
3271,PA46,36,B,35.92144898,0.680803815,GP,light,PA46_L,3,1
3281,PA46,37,B,36.62784784,1.006556613,GP,light,PA46_L,3,1
3291,PA48,20,B,20.15493301,0.821684665,GP,light,PA48_L,3,2
3301,PA48,24,B,24.21897832,1.366236269,GP,light,PA48_L,3,2
331,PA48,28,B,28.26728686,1.713734975,GP,light,PA48_L,3,2
332,PA48,30,B,30.06253281,1.818266108,GP,light,PA48_L,3,2
3331,PA48,31,B,31.11021253,1.821006657,GP,light,PA48_L,3,2
3341,PA48,32,B,32.06285835,1.698767322,GP,light,PA48_L,3,2
3351,PA48,35,B,34.98241819,1.456092552,GP,light,PA48_L,3,2
3361,PA48,36,B,36.00734694,0.713084914,GP,light,PA48_L,3,2
3371,PA48,37,B,36.82979844,0.815689959,GP,light,PA48_L,3,2
3381,PA49,20,B,20.13210074,0.756176733,GP,light,PA49_L,3,1
3391,PA49,24,B,24.25726235,1.046516795,GP,light,PA49_L,3,1
3401,PA49,28,B,28.12844153,1.151086727,GP,light,PA49_L,3,1
341,PA49,30,B,29.99979864,1.248640331,GP,light,PA49_L,3,1
342,PA49,31,B,30.80632949,1.208968015,GP,light,PA49_L,3,1
3431,PA49,32,B,31.76637008,1.181283343,GP,light,PA49_L,3,1
3441,PA49,35,B,34.58863846,1.040542296,GP,light,PA49_L,3,1
3451,PA49,36,B,35.75544898,0.499121576,GP,light,PA49_L,3,1
3461,PA49,37,B,36.62598625,0.633543352,GP,light,PA49_L,3,1
3471,PA5,20,A,19.98734319,0.885132302,GP,light,PA5_L,1,1
3481,PA5,24,A,24.00364669,1.30139156,GP,light,PA5_L,1,1
3491,PA5,28,A,27.88356253,1.447399457,GP,light,PA5_L,1,1
3501,PA5,30,A,29.92945291,1.503882433,GP,light,PA5_L,1,1
351,PA5,31,A,30.82993081,1.562103084,GP,light,PA5_L,1,1
352,PA5,32,A,31.76076961,1.446459187,GP,light,PA5_L,1,1
3531,PA5,35,A,34.72354485,1.403764191,GP,light,PA5_L,1,1
3541,PA5,37,A,36.66251075,0,GP,light,PA5_L,1,1
3551,PA50,20,B,20.23188461,0.594017379,GP,light,PA50_L,3,1
3561,PA50,24,B,24.40261588,0.875838656,GP,light,PA50_L,3,1
3571,PA50,28,B,28.35270054,1.027528324,GP,light,PA50_L,3,1
3581,PA50,30,B,30.2603502,1.196307503,GP,light,PA50_L,3,1
3591,PA50,31,B,30.99511623,1.121858023,GP,light,PA50_L,3,1
3601,PA50,32,B,31.91285281,1.028918052,GP,light,PA50_L,3,1
361,PA50,35,B,34.9101706,0.848522424,GP,light,PA50_L,3,1
362,PA50,36,B,35.89065306,0.323841808,GP,light,PA50_L,3,1
3631,PA50,37,B,36.70315936,0.503705862,GP,light,PA50_L,3,1
3641,PA51,20,B,20.09706483,0.599090159,GP,light,PA51_L,3,2
3651,PA51,24,B,24.19585374,0.859096434,GP,light,PA51_L,3,2
3661,PA51,28,B,28.13422867,1.126895397,GP,light,PA51_L,3,2
3671,PA51,30,B,29.98783439,1.228971688,GP,light,PA51_L,3,2
3681,PA51,31,B,31.03937966,1.249524369,GP,light,PA51_L,3,2
3691,PA51,32,B,31.93020982,1.207568828,GP,light,PA51_L,3,2
3701,PA51,35,B,34.82227267,1.009468991,GP,light,PA51_L,3,2
371,PA51,36,B,35.75160417,0.414794856,GP,light,PA51_L,3,2
372,PA51,37,B,36.72904632,0.605811054,GP,light,PA51_L,3,2
3731,PA52,20,B,20.1765557,1.056465311,GP,light,PA52_L,3,2
3741,PA52,24,B,24.27730782,1.421657439,GP,light,PA52_L,3,2
3751,PA52,28,B,28.28984893,1.835111946,GP,light,PA52_L,3,2
3761,PA52,30,B,30.14641883,2.034006298,GP,light,PA52_L,3,2
3771,PA52,31,B,31.2342647,2.082229316,GP,light,PA52_L,3,2
3781,PA52,32,B,32.16908785,1.842511789,GP,light,PA52_L,3,2
3791,PA52,35,B,35.04789681,1.44962494,GP,light,PA52_L,3,2
3801,PA52,36,B,36.19628571,0.545618561,GP,light,PA52_L,3,2
381,PA52,37,B,36.94108577,0.964883975,GP,light,PA52_L,3,2
382,PA53,20,B,20.33199092,0.969747249,GP,light,PA53_L,3,1
3831,PA53,24,B,24.39723647,1.312288661,GP,light,PA53_L,3,1
3841,PA53,28,B,28.40623311,1.683158606,GP,light,PA53_L,3,1
3851,PA53,30,B,30.17699505,1.796020729,GP,light,PA53_L,3,1
3861,PA53,31,B,31.09072642,1.806158424,GP,light,PA53_L,3,1
3871,PA53,32,B,32.00122093,1.718035805,GP,light,PA53_L,3,1
3881,PA53,35,B,34.92551955,1.363265587,GP,light,PA53_L,3,1
3891,PA53,36,B,35.95912245,0.59628031,GP,light,PA53_L,3,1
3901,PA53,37,B,36.77043049,0.908945661,GP,light,PA53_L,3,1
391,PA54,20,B,20.22701843,0.918654537,GP,light,PA54_L,3,2
392,PA54,24,B,24.33702934,1.425863823,GP,light,PA54_L,3,2
3931,PA54,28,B,28.35688359,1.720338563,GP,light,PA54_L,3,2
3941,PA54,30,B,30.13328181,1.837787604,GP,light,PA54_L,3,2
3951,PA54,31,B,31.22893032,1.824841908,GP,light,PA54_L,3,2
3961,PA54,32,B,32.15166653,1.680975698,GP,light,PA54_L,3,2
3971,PA54,35,B,35.05106116,1.348169825,GP,light,PA54_L,3,2
3981,PA54,36,B,36.06967347,0.569218251,GP,light,PA54_L,3,2
3991,PA54,37,B,36.93927179,0.876982601,GP,light,PA54_L,3,2
4001,PA7,20,A,20.08623174,0.913453686,GP,light,PA7_L,1,1
401,PA7,24,A,24.07897881,1.352686352,GP,light,PA7_L,1,1
402,PA7,28,A,28.0068958,1.557610632,GP,light,PA7_L,1,1
4031,PA7,30,A,29.9944002,1.536795479,GP,light,PA7_L,1,1
4041,PA7,31,A,30.92210512,1.607004945,GP,light,PA7_L,1,1
4051,PA7,32,A,31.89640294,1.409216956,GP,light,PA7_L,1,1
4061,PA7,35,A,34.90309866,1.491046841,GP,light,PA7_L,1,1
4071,PA7,37,A,36.86408065,0.211192039,GP,light,PA7_L,1,1
4081,PA8,20,A,20.21508804,1.22349741,GP,light,PA8_L,1,2
4091,PA8,24,A,24.02793657,1.664142879,GP,light,PA8_L,1,2
4101,PA8,28,A,28.0090698,1.897938744,GP,light,PA8_L,1,2
411,PA8,30,A,30.0715444,2.118270592,GP,light,PA8_L,1,2
412,PA8,31,A,31.06633451,2.116466128,GP,light,PA8_L,1,2
4131,PA8,32,A,32.09848843,1.656054859,GP,light,PA8_L,1,2
4141,PA8,35,A,34.9552551,1.293872616,GP,light,PA8_L,1,2
4151,PA8,36,A,35.82357143,0.668336145,GP,light,PA8_L,1,2
4161,PA8,37,A,36.90313158,0.729101364,GP,light,PA8_L,1,2
4171,PA9,20,A,20.07725462,0.81302261,GP,light,PA9_L,1,1
4181,PA9,24,A,24.1513075,1.089608931,GP,light,PA9_L,1,1
4191,PA9,28,A,28.03319812,1.228049317,GP,light,PA9_L,1,1
4201,PA9,30,A,30.01257718,1.319985308,GP,light,PA9_L,1,1
421,PA9,31,A,30.96961523,1.256233313,GP,light,PA9_L,1,1
422,PA9,32,A,31.85827451,1.167351955,GP,light,PA9_L,1,1
4231,PA9,35,A,34.84161195,1.028554349,GP,light,PA9_L,1,1
4241,PA9,37,A,36.88604839,0.013066449,GP,light,PA9_L,1,1