fragment.ID,date,light_dark,temp.Cat,mV,Tin,salinity.insitu,salinity.lab,temp.InSitu,TA,Sample.Type,
I1,20190626,light,20,-66.2,21.25233333,35.74333333,36.44,26.8,2340.2884,Initial,
PA1_L,20190626,light,20,-66.2,20.506,36.1,36.57,26.8,2312.37357,Sample,
PA5_L,20190626,light,20,-71.4,20.242,35.95,36.49,26.8,2338.76834,Sample,
PA7_L,20190626,light,20,-70.6,20.399,35.64,35.95,26.8,2418.26158,Sample,
PA9_L,20190626,light,20,-72.6,21.038,36.14,36.55,26.8,2316.60103,Sample,
PA10_L,20190626,light,20,-70.6,21.147,36.32,36.51,26.8,2305.74046,Sample,
PA11_L,20190626,light,20,-70.3,20.302,36,36.57,26.8,2317.22899,Sample,
PA17_L,20190626,light,20,-72.5,21.227,36.16,36.6,26.8,2297.32581,Sample,
PA18_L,20190626,light,20,-70.2,20.834,36,36.54,26.8,2321.2733,Sample,
BLANK1_L,20190626,light,20,-66.7,20.82,35.7,36.59,26.8,2339.84758,Blank,
BLANK2_L,20190626,light,20,-67.4,20.195,36.07,36.52,26.8,2338.60643,Blank,
I1,20190626,light,24,-66.45,23.81,36.3,36.64,26.8,2339.748165,Initial,
PA1_L,20190626,light,24,-70.2,23.485,36.4,36.81,26.8,2313.8553,Sample,
PA5_L,20190626,light,24,-72.6,23.577,36.4,36.71,26.8,2294.12394,Sample,
PA7_L,20190626,light,24,-72,23.643,36.39,36.63,26.8,2297.70547,Sample,
PA9_L,20190626,light,24,-69,23.907,35.94,36.73,26.8,2290.99514,Sample,
PA10_L,20190626,light,24,-68.6,23.75,36.4,36.78,26.8,2358.37722,Sample,
PA11_L,20190626,light,24,-70.4,23.507,36.36,36.82,26.8,2290.49593,Sample,
PA17_L,20190626,light,24,-71.9,23.95,36.39,36.71,26.8,2269.14792,Sample,
PA18_L,20190626,light,24,-69.1,23.982,36.35,36.66,26.8,2296.71981,Sample,
BLANK1_L,20190626,light,24,-64.7,23.754,36.35,36.6,26.8,2349.02787,Blank,
BLANK2_L,20190626,light,24,-66,23.435,36.12,36.77,26.8,2344.10348,Blank,
I1,20190626,light,28,-62.4,27.217,36.56333333,36.85,26.8,2354.907963,Initial,
PA1_L,20190626,light,28,-67.2,26.124,35.9,36.77,26.8,2314.6643,Sample,
PA5_L,20190626,light,28,-71.7,26.595,36.42,37.15,26.8,2298.8656,Sample,
PA7_L,20190626,light,28,-70.4,26.361,36.46,36.91,26.8,2281.03526,Sample,
PA9_L,20190626,light,28,-71.6,26.673,36.42,36.83,26.8,2288.77483,Sample,
PA10_L,20190626,light,28,-67.6,26.283,36.57,36.76,26.8,2285.1141,Sample,
PA11_L,20190626,light,28,-69.5,26.361,36.41,36.74,26.8,2285.26438,Sample,
PA17_L,20190626,light,28,-72.1,26.677,36.49,36.67,26.8,2227.8305,Sample,
PA18_L,20190626,light,28,-67,26.44,36.44,36.81,26.8,2290.38261,Sample,
BLANK1_L,20190626,light,28,-64,26.552,36.44,36.74,26.8,2358.49195,Blank,
BLANK2_L,20190626,light,28,-64,26.319,36.42,36.79,26.8,2356.5553,Blank,
I1,20190626,light,30,-63.7,29.261,36.47,36.975,26.8,2341.323425,Initial,
PA1_L,20190626,light,30,-70.5,27.921,36.59,36.98,26.8,2298.05431,Sample,
PA5_L,20190626,light,30,-70.3,28.085,36.75,37.02,26.8,2285.67184,Sample,
PA7_L,20190626,light,30,-71.2,28.282,36.6,37.04,26.8,2302.6161,Sample,
PA9_L,20190626,light,30,-70.4,27.763,36.61,36.91,26.8,2259.00481,Sample,
PA10_L,20190626,light,30,-68,27.761,36.57,36.95,26.8,2258.35847,Sample,
PA11_L,20190626,light,30,-69.2,27.932,36.17,36.96,26.8,2260.43277,Sample,
PA17_L,20190626,light,30,-71.6,27.677,36.57,36.98,26.8,2206.41274,Sample,
PA18_L,20190626,light,30,-67.6,27.676,36.62,37.02,26.8,2284.90706,Sample,
BLANK1_L,20190626,light,30,-64,27.96,36.57,37.03,26.8,2342.66631,Blank,
BLANK2_L,20190626,light,30,-61.2,27.686,36.17,37.01,26.8,2353.40669,Blank,
I1,20190626,light,31,-61.9,30.75966667,36.68,36.92666667,26.8,2341.481917,Initial,
PA1_L,20190626,light,31,-67.7,28.598,36.65,37.08,26.8,2292.69435,Sample,
PA5_L,20190626,light,31,-70.3,28.798,36.69,37.06,26.8,2286.21507,Sample,
PA7_L,20190626,light,31,-69.8,28.916,36.67,37.14,26.8,2298.23311,Sample,
PA9_L,20190626,light,31,-68.1,29.155,36.67,37.06,26.8,2269.90768,Sample,
PA10_L,20190626,light,31,-66.2,28.681,36.65,37.11,26.8,2253.59014,Sample,
PA11_L,20190626,light,31,-67.3,28.709,36.65,37.07,26.8,2260.96773,Sample,
PA17_L,20190626,light,31,-69.3,28.808,36.61,37.24,26.8,2200.16143,Sample,
PA18_L,20190626,light,31,-66.2,28.675,36.34,37.21,26.8,2265.51478,Sample,
BLANK1_L,20190626,light,31,-59.5,28.212,36.2,37.15,26.8,2345.89696,Blank,
BLANK2_L,20190626,light,31,-63.2,28.673,36.62,37.13,26.8,2348.74986,Blank,
I1,20190626,light,32,-61.6,31.7035,36.75,37.29,26.8,2339.932905,Initial,
PA1_L,20190626,light,32,-68,29.732,36.78,37.35,26.8,2299.45516,Sample,
PA5_L,20190626,light,32,-68.1,30.441,36.57,37.41,26.8,2245.7814,Sample,
PA7_L,20190626,light,32,-68.9,30.393,36.77,37.41,26.8,2275.54497,Sample,
PA9_L,20190626,light,32,-67.4,29.704,36.75,37.38,26.8,2276.6186,Sample,
PA10_L,20190626,light,32,-65.6,29.296,36.71,37.39,26.8,2263.60055,Sample,
PA11_L,20190626,light,32,-65.9,29.901,36.8,37.4,26.8,2273.06725,Sample,
PA17_L,20190626,light,32,-68.1,29.628,36.68,37.36,26.8,2228.30006,Sample,
PA18_L,20190626,light,32,-65.4,29.343,36.73,37.4,26.8,2174.73163,Sample,
BLANK1_L,20190626,light,32,-62.5,29.497,36.68,37.3,26.8,2338.57128,Blank,
BLANK2_L,20190626,light,32,-59.9,29.405,36.36,37.36,26.8,2343.46579,Blank,
I1,20190626,light,35,-58.45,33.8565,37.04,37.465,26.8,2343.75291,Initial,
PA1_L,20190626,light,35,-62.8,31.831,37.02,37.56,26.8,2251.53308,Sample,
PA5_L,20190626,light,35,-65.1,32.457,36.89,37.52,26.8,2223.99102,Sample,
PA7_L,20190626,light,35,-67,31.761,36.86,37.53,26.8,2325.50742,Sample,
PA9_L,20190626,light,35,-63.8,32.142,36.83,37.5,26.8,2299.59417,Sample,
PA10_L,20190626,light,35,-62,32.634,36.84,37.59,26.8,2307.93025,Sample,
PA11_L,20190626,light,35,-62.3,32.233,36.93,37.55,26.8,2299.66179,Sample,
PA17_L,20190626,light,35,-58.1,31.818,36.76,37.51,26.8,2314.73744,Sample,
PA18_L,20190626,light,35,-61,32.038,36.81,37.55,26.8,2332.38442,Sample,
BLANK1_L,20190626,light,35,-66.7,32.071,36.77,37.51,26.8,2343.8686,Blank,
I1,20190626,light,37,-56.16666667,36.176,37.16,37.46666667,26.8,2349.105113,Initial,
PA1_L,20190626,light,37,-56.3,32.069,37.01,37.56,26.8,2312.69048,Sample,
PA5_L,20190626,light,37,-52.9,32.962,37.14,37.54,26.8,2323.11366,Sample,
PA7_L,20190626,light,37,-57,32.362,37.19,37.59,26.8,2342.98207,Sample,
PA9_L,20190626,light,37,-53.4,32.538,37.05,37.58,26.8,2253.60399,Sample,
PA10_L,20190626,light,37,-51.1,33.719,37.18,37.6,26.8,2307.56657,Sample,
PA11_L,20190626,light,37,-54.5,31.998,37.39,37.59,26.8,2347.30126,Sample,
PA17_L,20190626,light,37,-56.3,33.292,37.19,37.56,26.8,2352.57387,Sample,
PA18_L,20190626,light,37,-52.8,33.436,37.23,37.61,26.8,2347.33603,Sample,
BLANK1_L,20190626,light,37,-53.2,33.014,37.05,37.65,26.8,2351.1581,Blank,
I1,20190702,light,20,-66.86666667,20.31366667,36.16333333,36.96666667,26.8,2334.71621,Initial,
PA2_L,20190702,light,20,-71.8,21.504,35.84,36.99,26.8,2309.03501,Sample,
PA3_L,20190702,light,20,-72.7,21.176,36.43,37.02,26.8,2296.24673,Sample,
PA4_L,20190702,light,20,-77.1,21.18,36.37,37.02,26.8,2298.82989,Sample,
PA8_L,20190702,light,20,-76,21.038,36.38,37.02,26.8,2300.9258,Sample,
PA12_L,20190702,light,20,-76.4,21.42,36.39,37.03,26.8,2264.20798,Sample,
PA13_L,20190702,light,20,-76.2,20.998,36.37,36.96,26.8,2281.01503,Sample,
PA14_L,20190702,light,20,-73.1,21.193,36.33,36.98,26.8,2274.90765,Sample,
PA16_L,20190702,light,20,-74.3,21.474,36.3,37,26.8,2288.85255,Sample,
BLANK3_L,20190702,light,20,-66,20.785,36.11,36.99,26.8,2339.48348,Blank,
I1,20190702,light,24,-65.83333333,23.56233333,36.46666667,36.82666667,26.8,2340.474833,Initial,
PA2_L,20190702,light,24,-69,23.521,36.54,36.83,26.8,2316.55843,Sample,
PA3_L,20190702,light,24,-74.4,23.731,36.62,36.88,26.8,2277.95041,Sample,
PA4_L,20190702,light,24,-76.1,23.692,36.57,36.85,26.8,2285.33877,Sample,
PA8_L,20190702,light,24,-76.3,23.585,36.55,36.87,26.8,2289.17247,Sample,
PA12_L,20190702,light,24,-69.5,23.591,36.28,36.88,26.8,2227.73083,Sample,
PA13_L,20190702,light,24,-75.7,23.448,36.39,36.71,26.8,2252.55918,Sample,
PA14_L,20190702,light,24,-71.5,23.523,36.54,36.89,26.8,2257.91269,Sample,
PA16_L,20190702,light,24,-71.8,23.52,36.54,36.86,26.8,2244.17575,Sample,
BLANK3_L,20190702,light,24,-67.1,23.591,36.55,36.85,26.8,2345.75795,Blank,
BLANK4_L,20190702,light,24,-65.5,23.316,36.52,36.84,26.8,2349.24173,Blank,
I1,20190702,light,28,-65.15,27.896,36.82,36.865,26.8,2340.894705,Initial,
PA2_L,20190702,light,28,-68.4,25.834,36.71,37.22,26.8,2323.13905,Sample,
PA3_L,20190702,light,28,-71.4,26.851,36.63,37.25,26.8,2257.21172,Sample,
PA4_L,20190702,light,28,-72.7,26.668,36.64,37.25,26.8,2270.88338,Sample,
PA8_L,20190702,light,28,-72.5,26.718,36.23,37.23,26.8,2274.58334,Sample,
PA12_L,20190702,light,28,-72.5,25.94,36.57,37.23,26.8,2170.81408,Sample,
PA13_L,20190702,light,28,-73.6,26.572,36.62,37.21,26.8,2223.34369,Sample,
PA14_L,20190702,light,28,-70.4,26.114,36.73,37.37,26.8,2237.60031,Sample,
PA16_L,20190702,light,28,-71.8,26.177,36.65,37.25,26.8,2233.13672,Sample,
BLANK4_L,20190702,light,28,-63.2,26.639,36.64,37.25,26.8,2343.35879,Blank,
I1,20190702,light,30,-64.46666667,29.33966667,37.02666667,37.43,26.8,2344.450943,Initial,
PA2_L,20190702,light,30,-70.6,27.211,36.78,37.32,26.8,2322.5343,Sample,
PA3_L,20190702,light,30,-74.2,28.436,36.76,37.4,26.8,2244.4958,Sample,
PA4_L,20190702,light,30,-75.3,28.228,36.49,37.38,26.8,2258.432913,Sample,
PA8_L,20190702,light,30,-76.3,28.064,36.73,37.25,26.8,2255.93395,Sample,
PA12_L,20190702,light,30,-73.4,27.518,36.71,37.42,26.8,2135.66619,Sample,
PA13_L,20190702,light,30,-73.8,27.748,36.73,37.36,26.8,2210.03882,Sample,
PA14_L,20190702,light,30,-71.4,27.134,36.73,37.41,26.8,2239.90336,Sample,
PA16_L,20190702,light,30,-71.7,27.287,36.78,37.31,26.8,2229.41767,Sample,
BLANK3_L,20190702,light,30,-65,27.293,36.52,37.35,26.8,2347.38161,Blank,
BLANK4_L,20190702,light,30,-64.4,28.256,36.73,37.24,26.8,2345.11291,Blank,
I1,20190702,light,31,-63.6,30.2915,36.92,37.665,26.8,2339.334895,Initial,
PA2_L,20190702,light,31,-69.3,27.812,36.81,37.4,26.8,2312.61427,Sample,
PA3_L,20190702,light,31,-72.5,29.132,36.79,37.43,26.8,2248.04562,Sample,
PA4_L,20190702,light,31,-73.3,29.628,36.85,37.42,26.8,2262.90844,Sample,
PA8_L,20190702,light,31,-70.9,29.078,36.52,37.43,26.8,2269.64167,Sample,
PA12_L,20190702,light,31,-69,28.769,36.97,37.49,26.8,2143.53156,Sample,
PA13_L,20190702,light,31,-73.9,29.164,36.75,37.45,26.8,2200.18616,Sample,
PA14_L,20190702,light,31,-68.8,28.254,36.93,37.54,26.8,2247.22332,Sample,
PA16_L,20190702,light,31,-70.4,28.221,36.84,37.43,26.8,2226.88141,Sample,
BLANK3_L,20190702,light,31,-64.6,28.556,36.84,37.44,26.8,2346.5811,Blank,
BLANK4_L,20190702,light,31,-63.4,29.582,36.86,37.37,26.8,2347.33027,Blank,
I1,20190702,light,32,-61.1,34.21,36.58,37.81,26.8,2333.30983,Initial,
PA2_L,20190702,light,32,-67.9,27.725,37.01,37.17,26.8,2317.15989,Sample,
PA3_L,20190702,light,32,-71.2,29.874,36.92,37.75,26.8,2262.214181,Sample,
PA4_L,20190702,light,32,-69.7,29.726,36.3,37.69,26.8,2286.82852,Sample,
PA8_L,20190702,light,32,-69.8,29.634,36.85,37.72,26.8,2295.75472,Sample,
PA12_L,20190702,light,32,-72,27.944,36.96,37.8,26.8,2163.15972,Sample,
PA13_L,20190702,light,32,-72.1,29.188,36.97,37.8,26.8,2220.62275,Sample,
PA14_L,20190702,light,32,-69.4,28.717,36.9,37.81,26.8,2258.84201,Sample,
PA16_L,20190702,light,32,-68.7,28.509,36.87,37.71,26.8,2256.78342,Sample,
BLANK3_L,20190702,light,32,-63.1,28.434,36.99,37.53,26.8,2355.74638,Blank,
BLANK4_L,20190702,light,32,-63,30.013,36.99,37.72,26.8,2347.63261,Blank,
I1,20190702,light,35,-61.15,34.11,37.075,37.76,26.8,2342.4187,Initial,
PA2_L,20190702,light,35,-66,30.786,36.97,37.83,26.8,2335.66645,Sample,
PA3_L,20190702,light,35,-60.9,31.834,36.51,37.78,26.8,2323.17525,Sample,
PA4_L,20190702,light,35,-67.6,31.403,36.93,37.75,26.8,2318.83827,Sample,
PA8_L,20190702,light,35,-67.3,31.575,36.88,37.72,26.8,2332.31964,Sample,
PA12_L,20190702,light,35,-69.2,30.829,37.05,37.85,26.8,2268.41925,Sample,
PA13_L,20190702,light,35,-67.4,31.551,36.88,37.71,26.8,2296.88081,Sample,
PA14_L,20190702,light,35,-67.2,30.543,37.09,37.93,26.8,2326.27714,Sample,
PA16_L,20190702,light,35,-66.2,30.758,36.93,37.8,26.8,2250.091473,Sample,
BLANK3_L,20190702,light,35,-62.1,30.912,36.88,37.7,26.8,2351.90032,Blank,
BLANK4_L,20190702,light,35,-62,32.21,36.91,37.77,26.8,2350.694,Blank,
I1,20190702,light,37,-59.3,35.592,37.4,37.8,26.8,2350.087405,Initial,
PA2_L,20190702,light,37,-58.2,31.808,37.29,37.55,26.8,2286.86652,Sample,
PA3_L,20190702,light,37,-54.6,33.472,37.02,37.57,26.8,2366.48895,Sample,
PA4_L,20190702,light,37,-58.1,32.734,36.73,37.42,26.8,2341.72716,Sample,
PA8_L,20190702,light,37,-61.3,31.104,36.34,37.86,26.8,2348.0301,Sample,
PA12_L,20190702,light,37,-63,31.573,36.87,37.61,26.8,2330.58096,Sample,
PA13_L,20190702,light,37,-64.8,31.43,36.63,37.54,26.8,2315.711,Sample,
PA14_L,20190702,light,37,-59.5,31.579,37.03,37.61,26.8,2332.35401,Sample,
PA16_L,20190702,light,37,-59.9,32.04,37.1,37.65,26.8,2363.96125,Sample,
BLANK3_L,20190702,light,37,-57.4,31.892,36.91,37.59,26.8,2363.70111,Blank,
BLANK4_L,20190702,light,37,-57.1,33.349,36.88,37.53,26.8,2362.01546,Blank,
I1,20190707,light,20,-68.16666667,21.734,36.87666667,37.05333333,26.8,2353.914647,Initial,
PA21_L,20190707,light,20,-74.9,21.071,36.9,37.07,26.8,2285.82444,Sample,
PA22_L,20190707,light,20,-73.4,21.178,36.87,37.05,26.8,2303.9761,Sample,
PA26_L,20190707,light,20,-71.5,21.092,36.94,37.08,26.8,2338.69558,Sample,
PA27_L,20190707,light,20,-72.5,21.619,36.42,37.1,26.8,2319.61086,Sample,
PA30_L,20190707,light,20,-76,21.322,36.98,37.09,26.8,2322.92377,Sample,
PA33_L,20190707,light,20,-75.8,21.366,36.73,36.99,26.8,2321.69301,Sample,
PA34_L,20190707,light,20,-75.6,21.114,36.96,37.08,26.8,2316.93853,Sample,
PA36_L,20190707,light,20,-73.5,21.233,36.97,37.08,26.8,2333.01878,Sample,
BLANK5_L,20190707,light,20,-69.8,20.871,36.88,37.07,26.8,2346.09276,Blank,
BLANK6_L,20190707,light,20,-70.1,21.157,36.29,36.94,26.8,2338.69558,Blank,
I1,20190707,light,24,-66.73333333,23.97133333,36.96,37.16333333,26.8,2352.230687,Initial,
PA21_L,20190707,light,24,-70.5,23.873,37.12,37.22,26.8,2263.74154,Sample,
PA22_L,20190707,light,24,-67.9,23.72,37.1,37.21,26.8,2306.11926,Sample,
PA26_L,20190707,light,24,-68.5,23.89,37.18,37.2,26.8,2317.19123,Sample,
PA27_L,20190707,light,24,-68.2,23.869,37.12,37.2,26.8,2267.42748,Sample,
PA30_L,20190707,light,24,-73.7,23.962,37.17,37.21,26.8,2295.72133,Sample,
PA33_L,20190707,light,24,-73.6,23.922,37.17,37.2,26.8,2293.59023,Sample,
PA34_L,20190707,light,24,-72.7,23.709,36.94,37.21,26.8,2274.38098,Sample,
PA36_L,20190707,light,24,-70.2,23.823,37.15,37.2,26.8,2305.02964,Sample,
BLANK5_L,20190707,light,24,-66.7,23.857,36.69,37.29,26.8,2355.13183,Blank,
I1,20190707,light,28,-64.5,27.976,37.16,37.2,26.8,2347.6064,Initial,
PA21_L,20190707,light,28,-68.3,26.862,37.16,37.29,26.8,2261.84743,Sample,
PA22_L,20190707,light,28,-66.7,26.445,37.22,37.53,26.8,2289.82801,Sample,
PA26_L,20190707,light,28,-67.4,26.009,37.2,37.52,26.8,2309.97628,Sample,
PA27_L,20190707,light,28,-67.9,26.771,37.17,37.45,26.8,2253.89375,Sample,
PA30_L,20190707,light,28,-73.2,27.058,37.36,37.49,26.8,2272.30107,Sample,
PA33_L,20190707,light,28,-71.5,26.728,37.21,37.5,26.8,2287.81341,Sample,
PA34_L,20190707,light,28,-70.2,26.594,37.16,37.46,26.8,2267.2123,Sample,
PA36_L,20190707,light,28,-68.5,26.172,36.89,37.45,26.8,2301.81033,Sample,
BLANK5_L,20190707,light,28,-65,26.62,37.19,37.29,26.8,2356.00452,Blank,
BLANK6_L,20190707,light,28,-65,26.727,37.27,37.27,26.8,2356.33342,Blank,
I1,20190707,light,30,-62.7,29.9605,37.33,37.44,26.8,2343.621115,Initial,
PA21_L,20190707,light,30,-68.8,27.815,37.18,37.54,26.8,2218.91706,Sample,
PA22_L,20190707,light,30,-66.4,27.476,36.87,37.5,26.8,2282.65821,Sample,
PA26_L,20190707,light,30,-68.2,27.816,37.36,37.54,26.8,2300.69225,Sample,
PA27_L,20190707,light,30,-69.3,27.785,37.24,37.53,26.8,2213.40575,Sample,
PA30_L,20190707,light,30,-72.1,28.349,37.33,37.56,26.8,2248.16201,Sample,
PA33_L,20190707,light,30,-72.5,28.292,37.34,37.54,26.8,2261.44303,Sample,
PA34_L,20190707,light,30,-70.1,27.683,37.2,37.5,26.8,2185.64782,Sample,
PA36_L,20190707,light,30,-69.6,27.623,37.18,37.49,26.8,2254.32617,Sample,
BLANK5_L,20190707,light,30,-64.3,28.245,37.43,37.53,26.8,2359.68139,Blank,
BLANK6_L,20190707,light,30,-63.6,27.984,37.31,37.53,26.8,2360.6156,Blank,
I1,20190707,light,31,-63.73333333,30.75166667,37.30333333,37.53,26.8,2352.35171,Initial,
PA21_L,20190707,light,31,-69.9,29.02,37.28,37.45,26.8,2247.02308,Sample,
PA22_L,20190707,light,31,-65.4,28.278,37.29,37.54,26.8,2279.28446,Sample,
PA26_L,20190707,light,31,-68.4,28.621,37.28,37.55,26.8,2296.32498,Sample,
PA27_L,20190707,light,31,-69.2,28.606,37.13,37.52,26.8,2215.17346,Sample,
PA30_L,20190707,light,31,-72.7,28.862,37.78,37.56,26.8,2261.89463,Sample,
PA33_L,20190707,light,31,-72.1,29.062,37.53,37.55,26.8,2273.96297,Sample,
PA34_L,20190707,light,31,-71.1,28.541,37.39,37.69,26.8,2258.68859,Sample,
PA36_L,20190707,light,31,-70.4,28.377,37.28,37.56,26.8,2292.79627,Sample,
BLANK5_L,20190707,light,31,-64.3,29.47,37.38,37.56,26.8,2359.58636,Blank,
BLANK6_L,20190707,light,31,-65,29.07,37.29,37.56,26.8,2354.21762,Blank,
I1,20190707,light,32,-62.8,31.689,37.585,37.55,26.8,2349.548185,Initial,
PA21_L,20190707,light,32,-65.8,30.874,37.09,37.62,26.8,2268.00358,Sample,
PA22_L,20190707,light,32,-67.5,29.603,37.39,37.51,26.8,2287.47392,Sample,
PA26_L,20190707,light,32,-67.1,29.351,37.45,37.58,26.8,2251.89956,Sample,
PA27_L,20190707,light,32,-68,29.905,37.41,37.52,26.8,2275.11853,Sample,
PA30_L,20190707,light,32,-70.5,29.807,37.47,37.58,26.8,2279.5304,Sample,
PA33_L,20190707,light,32,-71.4,30.365,37.44,37.56,26.8,2284.94684,Sample,
PA34_L,20190707,light,32,-69.5,29.281,37.38,37.51,26.8,2264.74934,Sample,
PA36_L,20190707,light,32,-68.1,30.091,37.4,37.5,26.8,2302.29259,Sample,
BLANK5_L,20190707,light,32,-63.7,30.39,37.59,37.64,26.8,2359.32609,Blank,
I1,20190707,light,35,-61.9,35.041,37.91,37.62,26.8,2352.5324,Initial,
PA21_L,20190707,light,35,-63.7,32.037,37.49,37.61,26.8,2330.16127,Sample,
PA22_L,20190707,light,35,-65.6,30.16,37.06,37.6,26.8,2350.5481,Sample,
PA26_L,20190707,light,35,-64.8,30.806,37.54,37.59,26.8,2347.99206,Sample,
PA27_L,20190707,light,35,-66.5,31.621,37.41,37.6,26.8,2250.72719,Sample,
PA30_L,20190707,light,35,-67.8,31.791,37.67,37.65,26.8,2244.53293,Sample,
PA33_L,20190707,light,35,-69.4,31.801,37.59,37.64,26.8,2333.05163,Sample,
PA34_L,20190707,light,35,-67,31.698,37.48,37.6,26.8,2340.91077,Sample,
PA36_L,20190707,light,35,-67.5,30.968,37.35,37.6,26.8,2351.59893,Sample,
BLANK5_L,20190707,light,35,-62.7,32.991,37.86,37.58,26.8,2360.14421,Blank,
I1,20190707,light,37,-59.36666667,36.41733333,37.53666667,37.61,26.8,2354.132783,Initial,
PA21_L,20190707,light,37,-56.8,30.22,37.6,37.84,26.8,2368.98846,Sample,
PA22_L,20190707,light,37,-60.7,29.108,37.03,37.81,26.8,2351.55652,Sample,
PA26_L,20190707,light,37,-59.8,28.524,37.64,37.85,26.8,2366.16177,Sample,
PA27_L,20190707,light,37,-59.9,30.861,37.64,37.75,26.8,2364.29871,Sample,
PA30_L,20190707,light,37,-60.2,30.334,37.86,37.81,26.8,2370.55897,Sample,
PA33_L,20190707,light,37,-63.3,29.823,37.73,37.82,26.8,2352.99413,Sample,
PA34_L,20190707,light,37,-62.5,30.319,37.58,37.75,26.8,2352.13856,Sample,
PA36_L,20190707,light,37,-62.2,30.491,37.77,37.06,26.8,2374.97314,Sample,
BLANK6_L,20190707,light,37,-60.9,31.051,37.87,37.89,26.8,2365.75855,Blank,
I1,20190713,light,20,-66.33333333,20.27033333,36.71666667,37.19666667,26.8,2353.021637,Initial,
PA19_L,20190713,light,20,-73.4,20.895,37.12,37.19,26.8,2294.67035,Sample,
PA20_L,20190713,light,20,-72.7,20.825,37.06,37.2,26.8,2330.73325,Sample,
PA23_L,20190713,light,20,-73.6,20.821,37.07,37.18,26.8,2320.43208,Sample,
PA25_L,20190713,light,20,-71.2,20.822,36.65,37.15,26.8,2323.98268,Sample,
PA29_L,20190713,light,20,-76.4,20.877,37.15,37.19,26.8,2230.28571,Sample,
PA31_L,20190713,light,20,-75.5,20.861,37.07,37.2,26.8,2295.09449,Sample,
PA32_L,20190713,light,20,-68.7,20.714,36.53,37.09,26.8,2291.50027,Sample,
PA35_L,20190713,light,20,-75.7,20.852,37.16,37.21,26.8,2304.16796,Sample,
BLANK7_L,20190713,light,20,-68.1,20.745,37.12,37.19,26.8,2352.56082,Blank,
BLANK8_L,20190713,light,20,-66.3,20.72,37.11,37.17,26.8,2354.55705,Blank,
I1,20190713,light,24,-64.96666667,23.917,37.11,37.25333333,26.8,2355.054807,Initial,
PA19_L,20190713,light,24,-69.5,24.015,37.17,37.52,26.8,2249.84259,Sample,
PA20_L,20190713,light,24,-63.6,24.157,36.97,37.51,26.8,2308.67743,Sample,
PA23_L,20190713,light,24,-67.2,24.159,37.28,37.52,26.8,2287.18242,Sample,
PA25_L,20190713,light,24,-67.2,24.078,37.23,37.49,26.8,2287.96916,Sample,
PA29_L,20190713,light,24,-74.6,24.199,37.29,37.52,26.8,2142.32227,Sample,
PA31_L,20190713,light,24,-72.5,24.129,37.25,37.51,26.8,2238.28945,Sample,
PA32_L,20190713,light,24,-68.5,23.996,37.26,37.58,26.8,2276.5831,Sample,
PA35_L,20190713,light,24,-71.4,24.02,37.29,37.57,26.8,2274.46636,Sample,
BLANK7_L,20190713,light,24,-59.8,24.183,37.24,37.55,26.8,2350.83258,Blank,
BLANK8_L,20190713,light,24,-63.6,24.041,37.28,37.52,26.8,2356.6533,Blank,
I1,20190713,light,28,-62.9,27.6125,37.49,36.685,26.8,2340.95052,Initial,
PA19_L,20190713,light,28,-69.6,26.701,37.31,36.75,26.8,2233.84457,Sample,
PA20_L,20190713,light,28,-68.6,26.164,37.34,36.74,26.8,2298.41963,Sample,
PA23_L,20190713,light,28,-71.3,26.2,37.35,36.74,26.8,2279.57242,Sample,
PA25_L,20190713,light,28,-66.6,26.543,37.4,36.84,26.8,2279.45785,Sample,
PA29_L,20190713,light,28,-74.6,26.444,37.4,36.8,26.8,2077.63837,Sample,
PA31_L,20190713,light,28,-73.8,26.01,37.32,36.73,26.8,2208.9273,Sample,
PA32_L,20190713,light,28,-64.9,26.298,36.95,36.75,26.8,2214.8949,Sample,
PA35_L,20190713,light,28,-70.1,26.426,37.43,36.76,26.8,2247.38335,Sample,
BLANK7_L,20190713,light,28,-63,26.503,37.4,36.74,26.8,2350.68515,Blank,
BLANK8_L,20190713,light,28,-62.7,26.559,37.38,36.73,26.8,2352.1262,Blank,
I1,20190713,light,30,-60.55,29.172,37.735,36.715,26.8,2351.392505,Initial,
PA19_L,20190713,light,30,-67.2,28.352,37.49,36.87,26.8,2233.99926,Sample,
PA20_L,20190713,light,30,-67.8,27.988,37.46,36.84,26.8,2289.96095,Sample,
PA23_L,20190713,light,30,-69.4,27.822,37.44,36.8,26.8,2272.58896,Sample,
PA25_L,20190713,light,30,-65.7,27.843,37.47,36.81,26.8,2281.68175,Sample,
PA29_L,20190713,light,30,-72.1,27.956,37.46,36.87,26.8,2075.50567,Sample,
PA31_L,20190713,light,30,-72.2,28.04,37.45,36.82,26.8,2206.144074,Sample,
PA32_L,20190713,light,30,-63.8,28.474,37.49,36.92,26.8,2256.6517,Sample,
PA35_L,20190713,light,30,-69.1,27.389,37,36.88,26.8,2230.87808,Sample,
BLANK7_L,20190713,light,30,-62,28.031,37.41,36.84,26.8,2356.54704,Blank,
BLANK8_L,20190713,light,30,-61.3,28.334,37.38,36.85,26.8,2355.07315,Blank,
I1,20190713,light,31,-59.56666667,30.41733333,37.61,36.79666667,26.8,2346.6149,Initial,
PA19_L,20190713,light,31,-67.2,28.656,37.51,36.93,26.8,2232.44881,Sample,
PA20_L,20190713,light,31,-66.9,28.463,37.47,37.07,26.8,2294.42002,Sample,
PA23_L,20190713,light,31,-67.6,28.416,37.51,37.04,26.8,2260.27743,Sample,
PA25_L,20190713,light,31,-64.8,27.957,37.61,37.05,26.8,2251.66223,Sample,
PA29_L,20190713,light,31,-70.3,29.017,37.49,37.07,26.8,2062.61271,Sample,
PA31_L,20190713,light,31,-71.3,28.08,37.63,37.01,26.8,2208.5603,Sample,
PA32_L,20190713,light,31,-63,27.909,37,37.07,26.8,2218.20524,Sample,
PA35_L,20190713,light,31,-66.9,29.019,37.61,37.09,26.8,2214.27225,Sample,
BLANK7_L,20190713,light,31,-59.5,29.237,37.63,36.88,26.8,2353.48958,Blank,
BLANK8_L,20190713,light,31,-59.7,28.755,37.6,36.9,26.8,2356.46277,Blank,
I1,20190713,light,32,-57.7,31.382,37.89,37.03,26.8,2348.29355,Initial,
PA19_L,20190713,light,32,-64.9,30.052,37.62,37.14,26.8,2271.94616,Sample,
PA20_L,20190713,light,32,-64.6,29.291,37.82,37.1,26.8,2282.88931,Sample,
PA23_L,20190713,light,32,-66.2,29.401,37.53,36.9,26.8,2283.85383,Sample,
PA25_L,20190713,light,32,-62.8,29.235,37.72,37.07,26.8,2306.7012,Sample,
PA29_L,20190713,light,32,-69.6,29.104,37.57,37.19,26.8,2100.94747,Sample,
PA31_L,20190713,light,32,-69.8,29.046,37.87,37.09,26.8,2245.0389,Sample,
PA32_L,20190713,light,32,-62,29.697,37.63,37.12,26.8,2247.90765,Sample,
PA35_L,20190713,light,32,-65.7,29.55,37.69,37.11,26.8,2255.79863,Sample,
BLANK7_L,20190713,light,32,-58.3,29.454,37.68,37.09,26.8,2351.29246,Blank,
BLANK8_L,20190713,light,32,-57.8,29.64,37.26,37.12,26.8,2360.21971,Blank,
I1,20190713,light,35,-55.15,34.4465,37.545,37.09,26.8,2351.30112,Initial,
PA19_L,20190713,light,35,-61.3,31.702,37.79,37.23,26.8,2300.55291,Sample,
PA20_L,20190713,light,35,-58.3,30.351,37.73,37.21,26.8,2355.95698,Sample,
PA23_L,20190713,light,35,-60.7,31.496,37.57,36.88,26.8,2350.28526,Sample,
PA25_L,20190713,light,35,-58.2,30.84,37.57,37.18,26.8,2274.29285,Sample,
PA29_L,20190713,light,35,-67.5,31.402,37.66,37.21,26.8,2319.85912,Sample,
PA31_L,20190713,light,35,-66,30.267,37.81,37.15,26.8,2343.91037,Sample,
PA32_L,20190713,light,35,-59.4,31.22,37.88,37.24,26.8,2270.21228,Sample,
PA35_L,20190713,light,35,-61.6,30.517,37.68,37.18,26.8,2343.02388,Sample,
BLANK7_L,20190713,light,35,-55.5,31.344,37.96,37.25,26.8,2368.3742,Blank,
BLANK8_L,20190713,light,35,-55.4,31.787,37.8,37.29,26.8,2371.67241,Blank,
I1,20190713,light,37,-53,36.281,38.03333333,37.15,26.8,2364.530997,Initial,
PA19_L,20190713,light,37,-54.8,32.142,38.08,37.32,26.8,2357.24271,Sample,
PA20_L,20190713,light,37,-51.9,33.282,37.95,37.34,26.8,2394.09383,Sample,
PA23_L,20190713,light,37,-54.1,32.699,37.87,37.32,26.8,2354.26356,Sample,
PA25_L,20190713,light,37,-53,31.091,37.91,37.29,26.8,2373.19662,Sample,
PA29_L,20190713,light,37,-61,30.332,37.48,37.34,26.8,2351.94518,Sample,
PA31_L,20190713,light,37,-60.5,31.107,37.88,37.33,26.8,2348.98917,Sample,
PA32_L,20190713,light,37,-53.1,32.292,37.99,37.34,26.8,2311.79662,Sample,
PA35_L,20190713,light,37,-58,33.108,37.95,37.31,26.8,2294.62196,Sample,
BLANK8_L,20190713,light,37,-53.5,32.154,38.18,37.3,26.8,2383.2362,Blank,
I1,20190718,light,20,-65.4,20.646,36.10333333,36.58333333,26.8,2364.56272,Initial,
PA37_L,20190718,light,20,-71.6,21.15,36.41,36.55,26.8,2327.52072,Sample,
PA39_L,20190718,light,20,-72,21.351,36.47,36.61,26.8,2325.70208,Sample,
PA41_L,20190718,light,20,-70.2,20.99,36.45,36.56,26.8,2337.1469,Sample,
PA42_L,20190718,light,20,-68.7,21.063,36.57,36.63,26.8,2333.50475,Sample,
PA46_L,20190718,light,20,-70.2,21.138,36.11,36.62,26.8,2275.62087,Sample,
PA49_L,20190718,light,20,-68.8,21.176,36.44,36.56,26.8,2325.36174,Sample,
PA50_L,20190718,light,20,-70.2,21.21,36.45,36.56,26.8,2308.70818,Sample,
PA53_L,20190718,light,20,-72.8,21.151,36.37,36.55,26.8,2299.86931,Sample,
BLANK9_L,20190718,light,20,-66.4,20.946,36.42,36.56,26.8,2351.52907,Blank,
BLANK10_L,20190718,light,20,-66.1,20.958,36.17,36.55,26.8,2352.28112,Blank,
I1,20190718,light,24,-62.76666667,24.40366667,36.51333333,36.61666667,26.8,2351.99473,Initial,
PA37_L,20190718,light,24,-74,24.004,36.56,36.66,26.8,2282.16153,Sample,
PA39_L,20190718,light,24,-72.9,23.87,36.54,36.63,26.8,2299.86983,Sample,
PA41_L,20190718,light,24,-71.9,23.977,36.54,36.66,26.8,2318.03842,Sample,
PA42_L,20190718,light,24,-69,23.912,36.57,36.68,26.8,2305.48199,Sample,
PA46_L,20190718,light,24,-66.9,24.018,36.35,36.68,26.8,2224.3271,Sample,
PA49_L,20190718,light,24,-71.1,23.979,36.57,36.66,26.8,2295.39835,Sample,
PA50_L,20190718,light,24,-70.6,23.825,36.53,36.64,26.8,2282.62573,Sample,
PA53_L,20190718,light,24,-74,23.995,36.55,36.66,26.8,2253.27994,Sample,
BLANK9_L,20190718,light,24,-65.5,24.001,36.49,36.65,26.8,2358.43169,Blank,
BLANK10_L,20190718,light,24,-65.1,24.184,36.61,36.65,26.8,2353.16579,Blank,
I1,20190718,light,28,-62.13333333,27.55533333,36.67666667,36.67333333,26.8,2345.376343,Initial,
PA37_L,20190718,light,28,-71.2,26.885,36.68,36.85,26.8,2260.23896,Sample,
PA39_L,20190718,light,28,-69.5,26.541,36.55,36.76,26.8,2283.0336,Sample,
PA41_L,20190718,light,28,-71.7,26.525,36.95,36.82,26.8,2303.71881,Sample,
PA42_L,20190718,light,28,-68,26.871,36.64,36.83,26.8,2298.18761,Sample,
PA46_L,20190718,light,28,-69.4,26.856,36.63,36.84,26.8,2240.16012,Sample,
PA49_L,20190718,light,28,-68.3,26.418,36.29,36.8,26.8,2279.12348,Sample,
PA50_L,20190718,light,28,-69.8,26.815,36.67,36.82,26.8,2249.45232,Sample,
PA53_L,20190718,light,28,-73.1,26.538,36.69,36.89,26.8,2218.57457,Sample,
BLANK10_L,20190718,light,28,-63.7,26.701,36.84,36.76,26.8,2342.6276,Blank,
I1,20190718,light,30,-60.7,29.6705,37.05,36.83,26.8,2350.078475,Initial,
PA37_L,20190718,light,30,-70.2,28.17,37.06,37.03,26.8,2273.28855,Sample,
PA39_L,20190718,light,30,-68,28.28,3682,37.01,26.8,2302.29658,Sample,
PA41_L,20190718,light,30,-70.3,27.92,36.97,37.11,26.8,2313.25292,Sample,
PA42_L,20190718,light,30,-66,28.341,36.77,37.07,26.8,2298.96434,Sample,
PA46_L,20190718,light,30,-68.4,28.225,36.91,37.07,26.8,2226.01993,Sample,
PA49_L,20190718,light,30,-66.9,27.771,36.65,37,26.8,2255.51386,Sample,
PA50_L,20190718,light,30,-68.8,28.012,36.85,37.02,26.8,2190.46962,Sample,
PA53_L,20190718,light,30,-73.3,28.493,37.02,37.04,26.8,2200.4753,Sample,
BLANK9_L,20190718,light,30,-61.9,28.092,36.91,37,26.8,2359.15756,Blank,
BLANK10_L,20190718,light,30,-61.6,28.372,36.97,37.01,26.8,2367.0304,Blank,
I1,20190718,light,31,-59,30.3965,37.1,37.04,26.8,2329.301555,Initial,
PA37_L,20190718,light,31,-69.8,28.611,37.11,37.07,26.8,2265.77612,Sample,
PA39_L,20190718,light,31,-68.1,28.486,36.91,37.06,26.8,2314.43032,Sample,
PA41_L,20190718,light,31,-69.1,28.198,36.97,37.08,26.8,2311.00636,Sample,
PA42_L,20190718,light,31,-64.3,28.911,36.97,37.11,26.8,2284.2325,Sample,
PA46_L,20190718,light,31,-61.9,29.204,36.91,37.11,26.8,2235.62732,Sample,
PA49_L,20190718,light,31,-64.5,28.81,36.94,37.29,26.8,2277.58642,Sample,
PA50_L,20190718,light,31,-66.4,28.678,36.94,37.09,26.8,2240.67941,Sample,
PA53_L,20190718,light,31,-72,28.382,37,37.11,26.8,2205.58841,Sample,
BLANK9_L,20190718,light,31,-60.3,28.87,37.14,37.09,26.8,2368.24514,Blank,
BLANK10_L,20190718,light,31,-59.3,29.234,36.97,37.1,26.8,2366.22359,Blank,
I1,20190718,light,32,-57.7,31.382,37.89,37.03,26.8,2348.29355,Initial,
PA37_L,20190718,light,32,-69.1,29.552,37.62,37.27,26.8,2278.60877,Sample,
PA39_L,20190718,light,32,-66,29.034,36.79,37.11,26.8,2332.44178,Sample,
PA41_L,20190718,light,32,-67.8,29.459,36.98,37.14,26.8,2323.79865,Sample,
PA42_L,20190718,light,32,-61.4,29.616,36.98,37.14,26.8,2311.51303,Sample,
PA46_L,20190718,light,32,-65.6,29.859,36.98,37.12,26.8,2242.39788,Sample,
PA49_L,20190718,light,32,-63.6,29.895,36.9,37.16,26.8,2291.27355,Sample,
PA50_L,20190718,light,32,-65.3,29.336,36.95,37.13,26.8,2257.70651,Sample,
PA53_L,20190718,light,32,-70.4,29.444,37.03,37.13,26.8,2227.27922,Sample,
BLANK9_L,20190718,light,32,-60.6,29.626,37.12,37.12,26.8,2342.06881,Blank,
I1,20190718,light,35,-55.15,34.4465,37.545,37.09,26.8,2351.30112,Initial,
PA37_L,20190718,light,35,-63,31.171,37.07,37.26,26.8,2346.58758,Sample,
PA39_L,20190718,light,35,-61.4,30.775,36.83,37.25,26.8,2348.69181,Sample,
PA41_L,20190718,light,35,-61.9,31.224,37.14,37.26,26.8,2354.9626,Sample,
PA42_L,20190718,light,35,-58.7,31.18,37.19,37.33,26.8,2359.15355,Sample,
PA46_L,20190718,light,35,-61.9,31.385,37.04,37.28,26.8,2340.454,Sample,
PA49_L,20190718,light,35,-61.6,31.775,37.1,37.28,26.8,2293.8349,Sample,
PA50_L,20190718,light,35,-62.3,30.203,36.95,37.26,26.8,2341.06451,Sample,
PA53_L,20190718,light,35,-64.2,30.857,37.27,37.27,26.8,2339.49577,Sample,
BLANK9_L,20190718,light,35,-58.3,31.121,37.21,37.25,26.8,2369.67551,Blank,
BLANK10_L,20190718,light,35,-57,31.464,37.49,37.26,26.8,2370.1153,Blank,
I1,20190718,light,37,-53,36.281,38.03333333,37.15,26.8,2364.530997,Initial,
PA37_L,20190718,light,37,-52.7,34.45,37.04,37.4,26.8,2358.85696,Sample,
PA39_L,20190718,light,37,-53.5,33.374,37.39,37.32,26.8,2367.09299,Sample,
PA41_L,20190718,light,37,-55.2,33.917,37.34,37.36,26.8,2372.92677,Sample,
PA42_L,20190718,light,37,-52.2,34.544,37.3,37.4,26.8,2375.30902,Sample,
PA46_L,20190718,light,37,-55.2,34.154,37.17,37.32,26.8,2366.90414,Sample,
PA49_L,20190718,light,37,-55.1,34.925,37.45,37.43,26.8,2362.43714,Sample,
PA50_L,20190718,light,37,-56.3,31.673,37.13,37.4,26.8,2358.85268,Sample,
PA53_L,20190718,light,37,-57.5,34.334,37.49,37.31,26.8,2365.94255,Sample,
BLANK9_L,20190718,light,37,-54,35.311,37.28,37.36,26.8,2382.52006,Blank,
BLANK10_L,20190718,light,37,-53.9,35.211,37.6,37.35,26.8,2380.90676,Blank,
I1,20190722,light,20,-64.26666667,20.54666667,36.37333333,36.59333333,26.8,2351.593473,Initial,
PA38_L,20190722,light,20,-65.6,20.812,36.55,36.59,26.8,2289.87842,Sample,
PA40_L,20190722,light,20,-68.8,20.68,36.54,36.57,26.8,2324.76698,Sample,
PA43_L,20190722,light,20,-68.6,20.723,36.54,36.56,26.8,2296.67603,Sample,
PA45_L,20190722,light,20,-70.2,20.675,36.49,36.56,26.8,2324.28488,Sample,
PA48_L,20190722,light,20,-67.4,20.774,36.5,36.64,26.8,2316.03168,Sample,
PA51_L,20190722,light,20,-68.9,20.651,36.22,36.6,26.8,2458.74392,Sample,
PA52_L,20190722,light,20,-66.9,20.745,35.19,35.39,26.8,2207.3056,Sample,
PA54_L,20190722,light,20,-67.1,20.797,36.58,36.56,26.8,2254.34477,Sample,
BLANK11_L,20190722,light,20,-64.4,20.545,36.49,36.58,26.8,2350.6012,Blank,
BLANK12_L,20190722,light,20,-67.1,20.874,36.58,36.55,26.8,2347.23828,Blank,
I1,20190722,light,24,-62.8,23.583,36.57666667,36.57666667,26.8,2351.152265,Initial,
PA38_L,20190722,light,24,-63.8,24.043,36.65,36.67,26.8,2254.57934,Sample,
PA40_L,20190722,light,24,-68.6,23.792,36.61,36.64,26.8,2297.21592,Sample,
PA43_L,20190722,light,24,-67,23.66,36.6,36.64,26.8,2269.39294,Sample,
PA45_L,20190722,light,24,-70.2,23.686,36.63,36.64,26.8,2273.34638,Sample,
PA48_L,20190722,light,24,-67.6,23.965,36.65,36.63,26.8,2275.43553,Sample,
PA51_L,20190722,light,24,-66.6,23.656,36.65,36.63,26.8,2305.91165,Sample,
PA52_L,20190722,light,24,-65,23.674,36.6,36.62,26.8,2288.0861,Sample,
PA54_L,20190722,light,24,-65.6,23.982,36.59,36.62,26.8,2293.76648,Sample,
BLANK11_L,20190722,light,24,-62.9,23.749,36.67,36.61,26.8,2349.18108,Blank,
BLANK12_L,20190722,light,24,-60,23.95,36.63,36.72,26.8,2354.5435,Blank,
I1,20190722,light,28,-62.23333333,28.02066667,36.88,36.70666667,26.8,2345.66518,Initial,
PA38_L,20190722,light,28,-69.3,27.025,36.81,36.77,26.8,2216.27409,Sample,
PA40_L,20190722,light,28,-70.3,26.51,36.68,36.77,26.8,2275.90503,Sample,
PA43_L,20190722,light,28,-69.3,26.685,36.73,36.88,26.8,2226.91054,Sample,
PA45_L,20190722,light,28,-71.4,26.431,36.72,36.77,26.8,2248.70139,Sample,
PA48_L,20190722,light,28,-69.5,26.902,36.8,36.76,26.8,2239.47449,Sample,
PA51_L,20190722,light,28,-68.3,26.325,36.87,36.74,26.8,2272.31542,Sample,
PA52_L,20190722,light,28,-68.6,26.58,36.76,36.77,26.8,2243.88233,Sample,
PA54_L,20190722,light,28,-68.3,27.381,36.74,36.74,26.8,2270.49167,Sample,
BLANK11_L,20190722,light,28,-63.2,26.755,37.15,36.75,26.8,2354.81569,Blank,
BLANK12_L,20190722,light,28,-61.8,26.905,36.74,36.74,26.8,2350.74341,Blank,
I1,20190722,light,30,-60.86666667,29.44733333,37.01333333,36.74333333,26.8,2329.585647,Initial,
PA38_L,20190722,light,30,-65.9,28.793,36.82,36.85,26.8,2190.13358,Sample,
PA40_L,20190722,light,30,-69.6,28,36.81,36.82,26.8,2259.99171,Sample,
PA43_L,20190722,light,30,-67.9,28.189,36.76,36.83,26.8,2201.35855,Sample,
PA45_L,20190722,light,30,-70.1,27.717,37.32,36.82,26.8,2252.33587,Sample,
PA48_L,20190722,light,30,-67.2,28.608,36.93,36.82,26.8,2220.9991,Sample,
PA51_L,20190722,light,30,-67.7,27.686,36.99,36.86,26.8,2228.83826,Sample,
PA52_L,20190722,light,30,-67.2,28.317,36.77,36.85,26.8,2244.07982,Sample,
PA54_L,20190722,light,30,-68.4,28.671,36.82,36.82,26.8,2260.59431,Sample,
BLANK11_L,20190722,light,30,-61.3,28.179,36.95,36.83,26.8,2352.02579,Blank,
BLANK12_L,20190722,light,30,-61.3,28.245,36.8,36.8,26.8,2347.37945,Blank,
I1,20190722,light,31,-58.16666667,30.546,37.13666667,36.80333333,26.8,2313.804813,Initial,
PA38_L,20190722,light,31,-65.1,28.908,36.89,36.96,26.8,2203.45721,Sample,
PA40_L,20190722,light,31,-69,28.172,36.88,36.92,26.8,2276.24971,Sample,
PA43_L,20190722,light,31,-67.3,29.189,36.92,36.93,26.8,2217.69597,Sample,
PA45_L,20190722,light,31,-69.2,28.79,36.91,36.92,26.8,2252.99109,Sample,
PA48_L,20190722,light,31,-66.8,28.572,37.19,36.93,26.8,2227.38136,Sample,
PA51_L,20190722,light,31,-65.7,28.452,37.21,36.24,26.8,2232.89497,Sample,
PA52_L,20190722,light,31,-66.8,28.595,36.91,36.06,26.8,2225.07995,Sample,
PA54_L,20190722,light,31,-67,29.386,36.94,36.05,26.8,2247.82038,Sample,
BLANK11_L,20190722,light,31,-59.6,29.072,36.98,36.9,26.8,2367.09351,Blank,
BLANK12_L,20190722,light,31,-58.7,29.267,36.93,36.88,26.8,2360.41111,Blank,
I1,20190722,light,32,-56.85,31.1815,36.995,35.985,26.8,2281.82839,Initial,
PA38_L,20190722,light,32,-62.9,29.97,37.52,36.17,26.8,2202.62573,Sample,
PA40_L,20190722,light,32,-66.6,29.531,36.91,36.06,26.8,2267.35242,Sample,
PA43_L,20190722,light,32,-65,30.327,37.13,36.06,26.8,2171.98466,Sample,
PA45_L,20190722,light,32,-66.8,29.596,36.89,36.04,26.8,2268.24282,Sample,
PA48_L,20190722,light,32,-64.5,29.978,36.96,36.1,26.8,2230.48541,Sample,
PA51_L,20190722,light,32,-65.1,29.539,36.96,36.02,26.8,2238.00416,Sample,
PA52_L,20190722,light,32,-64.2,28.645,36.85,36.03,26.8,2189.24491,Sample,
PA54_L,20190722,light,32,-64.5,30.289,37.01,36.01,26.8,2262.1179,Sample,
BLANK12_L,20190722,light,32,-58.6,29.916,37.19,36,26.8,2311.30124,Blank,
I1,20190722,light,35,-57.46666667,34.41133333,37.35333333,35.89666667,26.8,2323.470977,Initial,
PA38_L,20190722,light,35,-61.3,32.45,37.01,35.93,26.8,2293.10493,Sample,
PA40_L,20190722,light,35,-63.7,31.697,37.12,35.9,26.8,2265.99275,Sample,
PA43_L,20190722,light,35,-62.9,31.817,37.03,35.9,26.8,2302.33511,Sample,
PA45_L,20190722,light,35,-63.6,31.517,37.26,35.94,26.8,2324.89015,Sample,
PA48_L,20190722,light,35,-63.2,31.864,37.19,35.96,26.8,2230.55223,Sample,
PA51_L,20190722,light,35,-61.8,31.113,37.07,35.87,26.8,2317.43768,Sample,
PA52_L,20190722,light,35,-61.5,32.149,37.08,35.91,26.8,2309.61464,Sample,
PA54_L,20190722,light,35,-62.7,32.395,37.2,35.9,26.8,2310.51602,Sample,
BLANK11_L,20190722,light,35,-58.7,31.36,37.45,35.9,26.8,2344.44142,Blank,
BLANK12_L,20190722,light,35,-56.2,31.212,36.89,35.92,26.8,2344.10493,Blank,
I1,20190722,light,37,-55.23333333,36.61033333,37.41333333,35.89333333,26.8,2341.303277,Initial,
PA38_L,20190722,light,37,-56.4,33.586,37.22,36.11,26.8,2345.1232,Sample,
PA40_L,20190722,light,37,-58.5,32.421,37.18,36.09,26.8,2348.47309,Sample,
PA43_L,20190722,light,37,-55.8,34.245,37.42,36.1,26.8,2337.81369,Sample,
PA45_L,20190722,light,37,-57.5,34.776,36.72,36.08,26.8,2342.41968,Sample,
PA48_L,20190722,light,37,-55.5,34.81,37.2,36.06,26.8,2351.10727,Sample,
PA51_L,20190722,light,37,-58.5,32.058,37.47,36.07,26.8,2329.75631,Sample,
PA52_L,20190722,light,37,-58.2,34.298,37.18,36.08,26.8,2346.59406,Sample,
PA54_L,20190722,light,37,-58,33.161,37.32,36.05,26.8,2328.05873,Sample,
BLANK11_L,20190722,light,37,-55.1,34.815,37.45,36.2,26.8,2358.25935,Blank,
BLANK12_L,20190722,light,37,-55.7,34.17,37.25,36.04,26.8,2356.08592,Blank,